<?xml version="1.0" ?>
<COLLADA xmlns="http://www.collada.org/2005/11/COLLADASchema" version="1.4.1">
    <asset>
        <unit />
        <up_axis>Z_UP</up_axis>
    </asset>
    <library_materials>
        <material id="MAT" name="Honey">
            <instance_effect url="#MAT-fx" />
        </material>
        <material id="MAT0" name="pancake">
            <instance_effect url="#MAT0-fx" />
        </material>
    </library_materials>
    <library_effects>
        <effect id="MAT-fx" name="Honey">
            <profile_COMMON>
                <technique sid="standard">
                    <phong>
                        <emission>
                            <color>0 0 0 1</color>
                        </emission>
                        <ambient>
                            <color>0.117647 0.117647 0.117647 1</color>
                        </ambient>
                        <diffuse>
                            <color>1 0.329412 0 1</color>
                        </diffuse>
                        <specular>
                            <color>0.752941 0.752941 0.752941 1</color>
                        </specular>
                        <shininess>
                            <float>0.6</float>
                        </shininess>
                        <reflective>
                            <color>0 0 0 1</color>
                        </reflective>
                        <reflectivity>
                            <float>1</float>
                        </reflectivity>
                        <transparent>
                            <color>1 1 1 1</color>
                        </transparent>
                        <transparency>
                            <float>0.54</float>
                        </transparency>
                    </phong>
                </technique>
            </profile_COMMON>
        </effect>
        <effect id="MAT0-fx" name="pancake">
            <profile_COMMON>
                <image id="IMAGE" height="0" width="0">
                    <init_from>/C:/Users/huydo/Downloads/___OPEN3D/Sketchfab/temp/78698/textures/pancake_baseColor.png</init_from>
                </image>
                <technique sid="standard">
                    <phong>
                        <emission>
                            <color>0 0 0 1</color>
                        </emission>
                        <ambient>
                            <color>0.117647 0.117647 0.117647 1</color>
                        </ambient>
                        <diffuse>
                            <texture texture="IMAGE" texcoord="" />
                        </diffuse>
                        <specular>
                            <color>0.752941 0.752941 0.752941 1</color>
                        </specular>
                        <shininess>
                            <float>0.6</float>
                        </shininess>
                        <reflective>
                            <color>0 0 0 1</color>
                        </reflective>
                        <reflectivity>
                            <float>1</float>
                        </reflectivity>
                        <transparent>
                            <color>1 1 1 1</color>
                        </transparent>
                        <transparency>
                            <float>0</float>
                        </transparency>
                    </phong>
                </technique>
            </profile_COMMON>
        </effect>
    </library_effects>
    <library_geometries>
        <geometry id="NODE3-lib" name="NODE3Mesh">
            <mesh>
                <source id="NODE3-lib-positions">
                    <float_array id="NODE3-lib-positions-array" count="1158">0.469948 0.702085 -0.00836741 0.60628 0.606278 -0.00550731 0.557369 0.557339 -0.0125986 0.451542 0.606594 -0.0144986 0.301073 0.65041 -0.0170574 0.3134 0.763831 -0.0136393 0.325671 0.822278 0.0024242 0.486262 0.742077 0.0111293 0.630053 0.630164 0.0160258 0.156697 0.798775 -0.0140629 0.150553 0.675579 -0.0169574 2.84848e-06 0.683494 -0.0180511 1.06338e-05 0.80954 -0.0149 -6.2793e-05 0.8753 0.00298053 0.164168 0.872358 -0.00642963 -0.156621 0.798629 -0.0146297 -0.150546 0.675554 -0.0181176 -0.301086 0.65042 -0.017179 -0.313376 0.763642 -0.012819 -0.325821 0.818508 0.00389486 -0.161516 0.860828 0.00217516 -0.470209 0.702126 -0.00983854 -0.45162 0.606679 -0.0149422 -0.55736 0.55739 -0.0142173 -0.604742 0.604561 -0.00218859 -0.616062 0.617687 0.0156109 -0.491062 0.748338 0.00569012 0.484359 0.745656 0.0325641 0.63315 0.633327 0.0351078 0.322157 0.825958 0.0286197 0.318756 0.820677 0.0657196 0.477344 0.7366 0.0664488 0.628112 0.630135 0.0665882 0.162234 0.882731 0.0336677 0.000227102 0.881966 0.0256006 -6.12511e-05 0.875815 0.0660459 0.158929 0.868366 0.0654961 -0.159268 0.864239 0.0251773 -0.322207 0.824683 0.0291399 -0.318843 0.825594 0.0632153 -0.157753 0.858616 0.0662066 -0.487488 0.750354 0.0337007 -0.61568 0.617785 0.0308861 -0.618405 0.618195 0.064529 -0.48612 0.749164 0.0626394 0.477365 0.736815 0.0940822 0.63289 0.63321 0.0926322 0.321387 0.82432 0.100067 0.321925 0.814872 0.1248 0.477024 0.729456 0.111582 0.633098 0.631425 0.116551 0.161487 0.873782 0.102467 -3.90737e-05 0.880889 0.102885 0.000153086 0.870661 0.130297 0.162713 0.860944 0.130527 -0.159461 0.861545 0.102132 -0.324178 0.832473 0.100513 -0.326723 0.821071 0.128636 -0.160969 0.853885 0.128378 -0.490083 0.754 0.0956775 -0.618482 0.622086 0.0883084 -0.611687 0.622254 0.100346 -0.490007 0.747113 0.122838 0.467716 0.698219 0.15211 0.608072 0.608675 0.15487 0.313191 0.763366 0.169094 0.300983 0.650229 0.210714 0.451783 0.606897 0.194416 0.558668 0.558825 0.18486 0.15662 0.798209 0.175193 4.36623e-05 0.808236 0.174977 6.32554e-06 0.682651 0.221052 0.150442 0.674988 0.219451 -0.156289 0.796947 0.172095 -0.313388 0.763577 0.169402 -0.300869 0.649967 0.209397 -0.150364 0.674764 0.218081 -0.470525 0.7025 0.159118 -0.594446 0.598918 0.13524 -0.556199 0.556423 0.173403 -0.451444 0.606505 0.192828 -0.701264 0.469441 -0.00632015 -0.60661 0.451561 -0.0152053 -0.650453 0.301096 -0.0166397 -0.763561 0.313299 -0.012344 -0.825054 0.326744 0.00165869 -0.736784 0.480393 0.0141215 -0.797865 0.156679 -0.0131757 -0.675569 0.150554 -0.0189195 -0.683479 -2.99646e-06 -0.0183133 -0.808165 3.28765e-05 -0.0121276 -0.865964 -0.00124444 0.0110242 -0.843363 0.16521 0.0124004 -0.798289 -0.156749 -0.0138103 -0.67558 -0.150553 -0.0185786 -0.650451 -0.301096 -0.016368 -0.763644 -0.3133 -0.012864 -0.825259 -0.327944 0.00274179 -0.85377 -0.163095 0.00759089 -0.702218 -0.470079 -0.00843559 -0.60662 -0.451563 -0.014397 -0.55732 -0.557332 -0.0133572 -0.605001 -0.60511 -0.00262354 -0.622134 -0.620705 0.0165076 -0.751935 -0.493663 0.00297087 -0.740124 0.479697 0.0314435 -0.834241 0.325729 0.0300529 -0.832715 0.32207 0.0630121 -0.736718 0.478169 0.0644454 -0.84897 0.162764 0.0283606 -0.870764 -0.00186136 0.0249043 -0.851487 -0.00143798 0.0688208 -0.848472 0.157945 0.0689477 -0.858146 -0.160749 0.0260282 -0.837175 -0.325085 0.0308696 -0.828427 -0.321639 0.0661988 -0.855856 -0.157905 0.0669239 -0.750931 -0.489149 0.0380401 -0.621257 -0.621025 0.0309686 -0.613307 -0.61327 0.065638 -0.739989 -0.481367 0.0646543 -0.739623 0.479246 0.0947413 -0.839418 0.327353 0.101117 -0.82452 0.326771 0.130611 -0.732912 0.477871 0.111458 -0.85412 0.162257 0.100437 -0.85866 -0.00257011 0.102013 -0.85263 -0.001632 0.121697 -0.846323 0.164953 0.12341 -0.863988 -0.161948 0.100877 -0.833009 -0.325252 0.0999748 -0.822781 -0.326516 0.129824 -0.852691 -0.163069 0.124911 -0.747992 -0.486243 0.095729 -0.620046 -0.61945 0.0976255 -0.621182 -0.619474 0.113865 -0.741368 -0.48428 0.117394 -0.697809 0.466504 0.148707 -0.763704 0.313359 0.169768 -0.649759 0.300724 0.209064 -0.6056 0.450659 0.188718 -0.795569 0.156664 0.168422 -0.804378 -0.000276969 0.167919 -0.682254 -9.1466e-06 0.219153 -0.674492 0.150318 0.215887 -0.797205 -0.156706 0.172602 -0.764052 -0.313533 0.171036 -0.649869 -0.300815 0.209663 -0.67472 -0.150359 0.217116 -0.700945 -0.469085 0.154284 -0.602753 -0.602857 0.14117 -0.556398 -0.556406 0.173517 -0.605857 -0.450834 0.189849 -0.470104 -0.701935 -0.00869915 -0.451575 -0.606619 -0.0159246 -0.301081 -0.650431 -0.0174846 -0.313095 -0.763298 -0.0117674 -0.321886 -0.816622 0.00748972 -0.480207 -0.731349 0.0106917 -0.156658 -0.798791 -0.0156603 -0.150554 -0.6756 -0.0171645 6.96483e-07 -0.683513 -0.017565 3.55118e-05 -0.80967 -0.0164208 0.000123626 -0.880911 -0.000856504 -0.164001 -0.868928 -0.00128915 0.156689 -0.798897 -0.0151264 0.150554 -0.675603 -0.0156205 0.301086 -0.650453 -0.0163388 0.313275 -0.763656 -0.0130799 0.327181 -0.825704 0.00183721 0.164204 -0.871651 -0.00382445 0.470044 -0.701802 -0.00820995 0.451572 -0.606603 -0.0151004 0.55753 -0.557527 -0.0147067 0.606758 -0.606756 -0.00859208 0.631688 -0.631463 0.0103828 0.486591 -0.73935 0.00858565 -0.476525 -0.732657 0.0290088 -0.318277 -0.821029 0.0269183 -0.315222 -0.812079 0.0662073 -0.471592 -0.727748 0.0662454 -0.16183 -0.879645 0.0274043 -4.7632e-05 -0.889517 0.0266982 -0.000857028 -0.881315 0.0648589 -0.158855 -0.876429 0.065729 0.163618 -0.895532 0.0438274 0.327648 -0.83728 0.0302994 0.326035 -0.833163 0.0643443 0.160877 -0.884487 0.0663381 0.48079 -0.739872 0.0297857 0.629478 -0.629223 0.0341423 0.623118 -0.62418 0.0657069 0.475047 -0.733163 0.0657382 -0.477666 -0.732047 0.0962386 -0.316067 -0.81848 0.0985916 -0.314663 -0.809512 0.120143 -0.479698 -0.727004 0.113457 -0.162028 -0.878879 0.103206 2.83134e-05 -0.881994 0.101592 -0.000244326 -0.868736 0.128224 -0.163459 -0.866649 0.134827 0.162292 -0.884561 0.10489 0.328244 -0.838693 0.0997168 0.327589 -0.826401 0.132287 0.163944 -0.86732 0.134092 0.476942 -0.735399 0.0954954 0.626888 -0.626354 0.0939118 0.626091 -0.623786 0.111416 0.478056 -0.730097 0.114955 -0.467263 -0.69725 0.148573 -0.311187 -0.760161 0.162387 -0.300453 -0.649208 0.206395 -0.450652 -0.605437 0.188135 -0.156717 -0.798898 0.177415 5.09111e-05 -0.808529 0.176286 -3.19727e-05 -0.682745 0.221579 -0.15029 -0.674725 0.218447 0.156702 -0.798917 0.177101 0.313197 -0.763499 0.169339 0.300738 -0.649873 0.209546 0.150425 -0.67498 0.219649 0.467193 -0.698431 0.149081 0.603742 -0.603283 0.14249 0.55664 -0.55653 0.1748 0.450684 -0.605545 0.188671 0.702622 -0.470641 -0.0139593 0.606761 -0.451691 -0.014776 0.650476 -0.301111 -0.0162519 0.764117 -0.313572 -0.0159911 0.830657 -0.328626 -0.00719891 0.753838 -0.494233 -0.00565111 0.799075 -0.156725 -0.0168387 0.675601 -0.150557 -0.0169268 0.683515 -1.27527e-06 -0.0159902 0.810193 1.95193e-05 -0.0186413 0.885011 3.81757e-05 -0.00495826 0.868556 -0.164158 5.45532e-05 0.79923 0.156733 -0.0178157 0.675574 0.150539 -0.0156433 0.650388 0.301037 -0.015237 0.763829 0.313379 -0.0142983 0.822454 0.32488 0.0058968 0.869737 0.163756 -0.00132301 0.701822 0.470017 -0.00881878 0.606673 0.451618 -0.0144091 0.746092 0.489486 0.00847279 0.763032 -0.499123 0.0447176 0.843388 -0.327873 0.0343008 0.83876 -0.323059 0.063562 0.758544 -0.495045 0.0659659 0.882197 -0.16225 0.0291198 0.903348 -0.00237019 0.036285 0.892376 -0.000489997 0.0643923 0.872023 -0.159878 0.065594 0.891401 0.167023 0.0191667 0.834548 0.326412 0.0298256 0.822516 0.319881 0.0672918 0.878184 0.161055 0.0695834 0.74968 0.48655 0.034207 0.744446 0.480425 0.0647132 0.761559 -0.496184 0.097333 0.846633 -0.328928 0.0963369 0.828392 -0.328524 0.134393 0.749388 -0.491489 0.123606 0.877907 -0.161989 0.103288 0.892261 -8.53934e-05 0.104707 0.875846 0.000288526 0.131973 0.863525 -0.163172 0.131399 0.878836 0.16234 0.10442 0.825874 0.322126 0.100557 0.817918 0.32386 0.125959 0.862763 0.162217 0.130286 0.747724 0.485527 0.0957962 0.741175 0.48752 0.120134 0.702056 -0.470118 0.15746 0.764002 -0.313518 0.17095 0.650408 -0.301078 0.212189 0.606401 -0.451325 0.192645 0.798171 -0.156593 0.175445 0.808895 -2.30571e-05 0.176978 0.682709 -2.48653e-05 0.221693 0.675038 -0.150432 0.219619 0.797756 0.156567 0.175459 0.76252 0.312823 0.167578 0.650305 0.301023 0.211341 0.674962 0.15045 0.220521 0.702497 0.470467 0.158922 0.60739 0.452153 0.196842 0.470354 -0.470354 -0.0142199 0.313582 -0.501228 -0.0103728 0.334157 -0.334156 -0.000288114 0.501229 -0.313583 -0.00780086 0.156793 -0.519045 -0.00499154 5.51125e-07 -0.524691 -0.00473474 -9.87272e-08 -0.349787 0.00642152 0.167077 -0.346027 0.00493601 -0.156794 -0.519046 -0.00653055 -0.313583 -0.501228 -0.0112514 -0.334157 -0.334157 -0.00101252 -0.167078 -0.346028 0.00472158 -0.470356 -0.470355 -0.015237 -0.501226 -0.313583 -0.00902856 0.519042 -0.156793 -0.00499342 0.346027 -0.167077 0.00558202 0.349786 -9.47596e-09 0.00662316 0.524687 1.12117e-07 -0.00374772 0.173012 -0.173012 0.00790478 -3.21597e-08 -0.174892 0.0086398 3.94123e-07 2.42231e-07 0.0094674 0.174891 4.14325e-08 0.00864414 -0.173012 -0.173012 0.00789952 -0.346029 -0.167078 0.00537282 -0.349787 -4.80766e-08 0.00601449 -0.174891 -4.30764e-08 0.00859142 -0.519042 -0.156793 -0.00674851 -0.524686 3.70296e-07 -0.00633959 0.519039 0.156791 -0.00534488 0.346027 0.167077 0.00525722 0.334155 0.334154 0.00011291 0.501219 0.313576 -0.00893187 0.173011 0.173011 0.00786575 6.38772e-08 0.174891 0.00859905 -1.12208e-07 0.349787 0.00625274 0.167077 0.346027 0.0049343 -0.173012 0.173012 0.00787327 -0.346028 0.167078 0.00497192 -0.334156 0.334156 -0.00199834 -0.167078 0.346028 0.00497173 -0.519035 0.156792 -0.0075325 -0.50122 0.313585 -0.0105095 0.470319 0.470322 -0.0129476 0.313581 0.501231 -0.00980716 0.156793 0.519045 -0.0063461 1.31426e-07 0.524689 -0.00572364 -0.156795 0.519043 -0.00685341 -0.313584 0.501226 -0.00983883 -0.470353 0.470352 -0.0157812 0.470166 0.470156 0.224927 0.312975 0.500388 0.245338 0.333348 0.333351 0.274267 0.500249 0.31296 0.245145 0.156502 0.51805 0.258219 -6.37351e-05 0.523879 0.262517 -1.29992e-05 0.349433 0.292048 0.16683 0.34549 0.288553 -0.156635 0.518392 0.260556 -0.313189 0.500636 0.248273 -0.3336 0.333624 0.275137 -0.166909 0.345623 0.289772 -0.469668 0.469726 0.221692 -0.500619 0.313182 0.247424 0.518108 0.156433 0.259416 0.34547 0.166814 0.288398 0.349433 -5.03345e-07 0.292036 0.52405 -1.63722e-05 0.265038 0.172963 0.172964 0.299798 -1.57643e-06 0.174864 0.301296 3.17931e-09 -9.13233e-09 0.302993 0.174854 1.00523e-06 0.300946 -0.172937 0.172932 0.299324 -0.345599 0.166904 0.289394 -0.349477 -2.25109e-06 0.292072 -0.174854 -9.73881e-07 0.30124 -0.518493 0.156633 0.260296 -0.524198 3.73284e-07 0.264174 0.518344 -0.156586 0.261623 0.345573 -0.166901 0.289346 0.333567 -0.333551 0.275499 0.500428 -0.31309 0.247836 0.172953 -0.172954 0.299664 -6.87793e-07 -0.17486 0.301198 6.79797e-07 -0.349522 0.292584 0.166919 -0.345669 0.289873 -0.172929 -0.172927 0.299207 -0.345684 -0.166935 0.289914 -0.333689 -0.333692 0.276394 -0.166913 -0.345643 0.289548 -0.518469 -0.156613 0.260779 -0.500579 -0.313139 0.247711 0.469604 -0.469569 0.221875 0.313143 -0.500551 0.247162 0.156595 -0.518363 0.261303 -6.09559e-06 -0.524069 0.264605 -0.1566 -0.518356 0.260619 -0.313075 -0.500434 0.246012 -0.469689 -0.469687 0.221893</float_array>
                    <technique_common>
                        <accessor count="386" source="#NODE3-lib-positions-array" stride="3">
                            <param name="X" type="float" />
                            <param name="Y" type="float" />
                            <param name="Z" type="float" />
                        </accessor>
                    </technique_common>
                </source>
                <source id="NODE3-lib-uv">
                    <float_array id="NODE3-lib-uv-array" count="836">0.57641 0.520527 0.537604 0.551957 0.557947 0.569404 0.589476 0.550809 0.630383 0.535106 0.620746 0.498845 0.611871 0.47627 0.565177 0.503862 0.524418 0.54059 0.665361 0.484507 0.671942 0.5245 0.713947 0.518965 0.710847 0.478839 0.70902 0.45222 0.659541 0.457577 0.756862 0.478306 0.756461 0.518269 0.799211 0.521935 0.803351 0.484602 0.808508 0.461747 0.758006 0.452886 0.84993 0.498398 0.841976 0.530496 0.875956 0.544189 0.893166 0.52425 0.901343 0.514393 0.859877 0.479095 0.022164 0.37513 0.0167695 0.314092 0.00740057 0.314006 0.0117362 0.375471 0.0253037 0.435799 0.0369451 0.433118 0.0510414 0.427918 0.0363046 0.373237 0.0293561 0.314747 0.0626447 0.481823 0.0486806 0.48995 0.0878948 0.531842 0.0960904 0.52365 0.107873 0.512451 0.0751209 0.474287 0.136207 0.558756 0.130588 0.568498 0.180902 0.597995 0.184006 0.586598 0.188741 0.573371 0.145817 0.545114 0.239681 0.604997 0.238752 0.617106 0.300197 0.618522 0.300121 0.610416 0.300994 0.597001 0.241713 0.593011 0.0482938 0.371287 0.0409712 0.314539 0.064666 0.422029 0.075719 0.41625 0.0578068 0.368208 0.0520085 0.314406 0.087722 0.465358 0.118683 0.50175 0.128288 0.492319 0.098832 0.456921 0.155024 0.533045 0.196036 0.560058 0.20327 0.548752 0.163344 0.523 0.2447 0.579395 0.300133 0.586115 0.298706 0.578511 0.248685 0.567379 0.076838 0.362428 0.0703435 0.315452 0.0963074 0.404719 0.126006 0.384843 0.105986 0.349048 0.0962315 0.316178 0.119916 0.441566 0.147084 0.474426 0.174982 0.447744 0.149345 0.417567 0.178865 0.503262 0.21495 0.527192 0.236053 0.498667 0.204056 0.474504 0.255596 0.547573 0.300776 0.56045 0.302565 0.535086 0.270909 0.520759 0.924795 0.562867 0.894588 0.575702 0.910305 0.616402 0.94694 0.606499 0.970042 0.597525 0.94043 0.55282 0.958899 0.651499 0.920024 0.658102 0.926319 0.700222 0.966391 0.697055 0.991233 0.695195 0.980858 0.645573 0.967067 0.743041 0.927188 0.742668 0.923963 0.785346 0.961453 0.789198 0.986046 0.794546 0.991233 0.744226 0.947838 0.835978 0.915539 0.82803 0.901768 0.861914 0.921803 0.879236 0.932821 0.888625 0.967864 0.84628 0.361639 0.605936 0.362087 0.614979 0.421576 0.60448 0.417821 0.59219 0.413941 0.579163 0.359229 0.592473 0.465211 0.565672 0.469177 0.574001 0.514893 0.538083 0.509157 0.531671 0.496288 0.518457 0.457917 0.551147 0.545146 0.492247 0.553586 0.49738 0.586061 0.449614 0.573715 0.445667 0.560698 0.43984 0.531633 0.483378 0.592611 0.38892 0.606589 0.390638 0.606589 0.328372 0.598774 0.328282 0.584699 0.327955 0.580187 0.386182 0.357646 0.579723 0.407338 0.565064 0.401196 0.552693 0.35496 0.570496 0.448969 0.540276 0.486613 0.507545 0.479001 0.499876 0.441361 0.530734 0.520751 0.473464 0.548314 0.43308 0.536445 0.426159 0.511106 0.465205 0.566354 0.383676 0.57134 0.32835 0.562504 0.328487 0.555636 0.380757 0.348869 0.552069 0.390667 0.531387 0.371188 0.502613 0.335436 0.52386 0.428445 0.51001 0.461593 0.482072 0.435127 0.454444 0.404716 0.47987 0.491048 0.450447 0.514909 0.414324 0.486301 0.393297 0.462046 0.425351 0.536064 0.373952 0.547146 0.327581 0.521278 0.326587 0.508359 0.358642 0.883326 0.910372 0.870086 0.880351 0.829196 0.896262 0.838881 0.93234 0.847087 0.953974 0.892591 0.924622 0.794174 0.946521 0.787523 0.906948 0.745581 0.913131 0.748985 0.953647 0.75142 0.980989 0.800552 0.973177 0.70322 0.954234 0.703163 0.91402 0.660273 0.910449 0.656849 0.947826 0.651357 0.972477 0.70172 0.982031 0.609209 0.933354 0.617217 0.901428 0.582935 0.888128 0.565615 0.908692 0.554578 0.922076 0.600972 0.950789 0.593123 0.26785 0.602593 0.267665 0.587377 0.208302 0.57747 0.210144 0.563119 0.216063 0.578185 0.269781 0.55397 0.161157 0.566018 0.155598 0.531223 0.110333 0.52146 0.118504 0.509643 0.129518 0.540539 0.168296 0.480173 0.0844407 0.490864 0.068125 0.43752 0.0416722 0.433719 0.0540047 0.427694 0.0666555 0.473569 0.0942556 0.376367 0.0362976 0.376717 0.0258451 0.314773 0.0177006 0.314137 0.0283934 0.314355 0.0413741 0.373389 0.0506782 0.565368 0.272609 0.549929 0.220275 0.539317 0.225241 0.556454 0.275539 0.527671 0.177045 0.498176 0.139476 0.488052 0.148829 0.515951 0.185436 0.463636 0.106443 0.421486 0.0802255 0.41444 0.0929376 0.453834 0.117626 0.370762 0.0632646 0.313018 0.0533921 0.312328 0.0626734 0.367155 0.0730218 0.538547 0.280131 0.519696 0.237283 0.490172 0.25732 0.510347 0.293561 0.495098 0.20058 0.468297 0.16753 0.440477 0.194105 0.466285 0.224553 0.437377 0.13856 0.401527 0.113826 0.379876 0.14151 0.411663 0.16674 0.360404 0.0904498 0.312629 0.0798613 0.312495 0.106072 0.34512 0.118433 0.533476 0.869696 0.563957 0.856659 0.548472 0.815626 0.512068 0.825307 0.487854 0.834696 0.515032 0.882817 0.49863 0.780288 0.538192 0.773833 0.532244 0.731719 0.491688 0.734778 0.463508 0.736851 0.471973 0.786081 0.491589 0.68892 0.531688 0.689228 0.535501 0.646369 0.498241 0.642419 0.474189 0.63734 0.4641 0.687132 0.512503 0.595298 0.544403 0.603432 0.493445 0.586025 0.253083 0.0321509 0.250897 0.0144221 0.18944 0.0314172 0.193979 0.0469136 0.197954 0.0591534 0.254192 0.0425528 0.144569 0.0740588 0.138418 0.0619779 0.0918039 0.097006 0.104762 0.109123 0.114275 0.119009 0.153378 0.0866797 0.0668014 0.148249 0.0554481 0.141648 0.0305257 0.193753 0.042053 0.197312 0.0564821 0.203226 0.0825079 0.15825 0.0238367 0.25359 0.0122098 0.252893 0.036825 0.255361 0.256062 0.056133 0.204571 0.0716878 0.212276 0.0864869 0.259122 0.0687296 0.162679 0.0992513 0.125728 0.130311 0.135756 0.140521 0.171642 0.11024 0.0943755 0.166787 0.0692725 0.209369 0.0799951 0.215787 0.105159 0.175341 0.0496046 0.259001 0.060614 0.263066 0.265352 0.0896511 0.223907 0.109054 0.244055 0.138569 0.279749 0.117835 0.187133 0.132014 0.154394 0.159647 0.181104 0.187497 0.211211 0.161747 0.125838 0.191708 0.100961 0.227808 0.129873 0.248778 0.154286 0.216799 0.0805566 0.269156 0.108597 0.283941 0.608971 0.857424 0.654041 0.864283 0.644133 0.816215 0.595024 0.814217 0.698069 0.866278 0.741512 0.864678 0.737321 0.813934 0.691101 0.816447 0.784631 0.859106 0.827726 0.849885 0.829665 0.801065 0.783328 0.808872 0.871152 0.835903 0.877807 0.791275 0.586076 0.771088 0.636402 0.769922 0.631515 0.723909 0.580715 0.727921 0.685294 0.767869 0.73332 0.764562 0.729407 0.716053 0.680893 0.719938 0.781238 0.76008 0.829797 0.754256 0.827305 0.70812 0.777934 0.712131 0.879607 0.747446 0.878003 0.70406 0.579367 0.68446 0.629187 0.677674 0.629562 0.630706 0.581543 0.640447 0.677708 0.671892 0.725569 0.667496 0.721712 0.618079 0.675794 0.622973 0.773542 0.664229 0.822333 0.662163 0.814734 0.615939 0.767858 0.615696 0.872474 0.660913 0.86369 0.617893 0.588477 0.595547 0.631693 0.581643 0.674691 0.572589 0.717724 0.567316 0.761144 0.565896 0.805085 0.567927 0.849851 0.574682 0.134594 0.317123 0.156323 0.353256 0.1859 0.318039 0.158431 0.281694 0.181142 0.385897 0.207953 0.416333 0.242237 0.38371 0.213299 0.351826 0.237282 0.444366 0.269047 0.470793 0.305263 0.443563 0.272781 0.414156 0.304029 0.495536 0.339995 0.473027 0.184633 0.249826 0.215 0.285301 0.24531 0.25457 0.212636 0.220364 0.24501 0.319234 0.275487 0.351985 0.308173 0.320677 0.276985 0.287837 0.306702 0.384115 0.339118 0.415955 0.371045 0.386988 0.339371 0.353578 0.373053 0.448067 0.403674 0.421378 0.243076 0.193408 0.277125 0.225359 0.310851 0.197442 0.275884 0.168193 0.309575 0.257149 0.340792 0.289404 0.373853 0.257728 0.343318 0.226926 0.371339 0.322316 0.401457 0.356403 0.430652 0.323829 0.402965 0.289874 0.431755 0.392059 0.458122 0.360278 0.311986 0.1453 0.346982 0.169624 0.378574 0.196616 0.407818 0.22527 0.434894 0.256038 0.46006 0.288889 0.482319 0.32526</float_array>
                    <technique_common>
                        <accessor count="418" source="#NODE3-lib-uv-array" stride="2">
                            <param name="S" type="float" />
                            <param name="T" type="float" />
                        </accessor>
                    </technique_common>
                </source>
                <vertices id="NODE3-lib-vertices">
                    <input semantic="POSITION" source="#NODE3-lib-positions" />
                </vertices>
                <triangles count="768" material="MAT0">
                    <input offset="0" semantic="VERTEX" source="#NODE3-lib-vertices" set="0" />
                    <input offset="1" semantic="TEXCOORD" source="#NODE3-lib-uv" set="0" />
                    <p>0 0 1 1 2 2 0 0 2 2 3 3 0 0 3 3 4 4 0 0 4 4 5 5 0 0 5 5 6 6 0 0 6 6 7 7 0 0 7 7 8 8 0 0 8 8 1 1 9 9 5 5 4 4 9 9 4 4 10 10 9 9 10 10 11 11 9 9 11 11 12 12 9 9 12 12 13 13 9 9 13 13 14 14 9 9 14 14 6 6 9 9 6 6 5 5 15 15 12 12 11 11 15 15 11 11 16 16 15 15 16 16 17 17 15 15 17 17 18 18 15 15 18 18 19 19 15 15 19 19 20 20 15 15 20 20 13 13 15 15 13 13 12 12 21 21 18 18 17 17 21 21 17 17 22 22 21 21 22 22 23 23 21 21 23 23 24 24 21 21 24 24 25 25 21 21 25 25 26 26 21 21 26 26 19 19 21 21 19 19 18 18 27 27 28 28 8 29 27 27 8 29 7 30 27 27 7 30 6 31 27 27 6 31 29 32 27 27 29 32 30 33 27 27 30 33 31 34 27 27 31 34 32 35 27 27 32 35 28 28 33 36 29 32 6 31 33 36 6 31 14 37 33 36 14 37 13 38 33 36 13 38 34 39 33 36 34 39 35 40 33 36 35 40 36 41 33 36 36 41 30 33 33 36 30 33 29 32 37 42 34 39 13 38 37 42 13 38 20 43 37 42 20 43 19 44 37 42 19 44 38 45 37 42 38 45 39 46 37 42 39 46 40 47 37 42 40 47 35 40 37 42 35 40 34 39 41 48 38 45 19 44 41 48 19 44 26 49 41 48 26 49 25 50 41 48 25 50 42 51 41 48 42 51 43 52 41 48 43 52 44 53 41 48 44 53 39 46 41 48 39 46 38 45 45 54 46 55 32 35 45 54 32 35 31 34 45 54 31 34 30 33 45 54 30 33 47 56 45 54 47 56 48 57 45 54 48 57 49 58 45 54 49 58 50 59 45 54 50 59 46 55 51 60 47 56 30 33 51 60 30 33 36 41 51 60 36 41 35 40 51 60 35 40 52 61 51 60 52 61 53 62 51 60 53 62 54 63 51 60 54 63 48 57 51 60 48 57 47 56 55 64 52 61 35 40 55 64 35 40 40 47 55 64 40 47 39 46 55 64 39 46 56 65 55 64 56 65 57 66 55 64 57 66 58 67 55 64 58 67 53 62 55 64 53 62 52 61 59 68 56 65 39 46 59 68 39 46 44 53 59 68 44 53 43 52 59 68 43 52 60 69 59 68 60 69 61 70 59 68 61 70 62 71 59 68 62 71 57 66 59 68 57 66 56 65 63 72 64 73 50 59 63 72 50 59 49 58 63 72 49 58 48 57 63 72 48 57 65 74 63 72 65 74 66 75 63 72 66 75 67 76 63 72 67 76 68 77 63 72 68 77 64 73 69 78 65 74 48 57 69 78 48 57 54 63 69 78 54 63 53 62 69 78 53 62 70 79 69 78 70 79 71 80 69 78 71 80 72 81 69 78 72 81 66 75 69 78 66 75 65 74 73 82 70 79 53 62 73 82 53 62 58 67 73 82 58 67 57 66 73 82 57 66 74 83 73 82 74 83 75 84 73 82 75 84 76 85 73 82 76 85 71 80 73 82 71 80 70 79 77 86 74 83 57 66 77 86 57 66 62 71 77 86 62 71 61 70 77 86 61 70 78 87 77 86 78 87 79 88 77 86 79 88 80 89 77 86 80 89 75 84 77 86 75 84 74 83 81 90 24 24 23 23 81 90 23 23 82 91 81 90 82 91 83 92 81 90 83 92 84 93 81 90 84 93 85 94 81 90 85 94 86 95 81 90 86 95 25 25 81 90 25 25 24 24 87 96 84 93 83 92 87 96 83 92 88 97 87 96 88 97 89 98 87 96 89 98 90 99 87 96 90 99 91 100 87 96 91 100 92 101 87 96 92 101 85 94 87 96 85 94 84 93 93 102 90 99 89 98 93 102 89 98 94 103 93 102 94 103 95 104 93 102 95 104 96 105 93 102 96 105 97 106 93 102 97 106 98 107 93 102 98 107 91 100 93 102 91 100 90 99 99 108 96 105 95 104 99 108 95 104 100 109 99 108 100 109 101 110 99 108 101 110 102 111 99 108 102 111 103 112 99 108 103 112 104 113 99 108 104 113 97 106 99 108 97 106 96 105 105 114 42 51 25 50 105 114 25 50 86 115 105 114 86 115 85 116 105 114 85 116 106 117 105 114 106 117 107 118 105 114 107 118 108 119 105 114 108 119 43 52 105 114 43 52 42 51 109 120 106 117 85 116 109 120 85 116 92 121 109 120 92 121 91 122 109 120 91 122 110 123 109 120 110 123 111 124 109 120 111 124 112 125 109 120 112 125 107 118 109 120 107 118 106 117 113 126 110 123 91 122 113 126 91 122 98 127 113 126 98 127 97 128 113 126 97 128 114 129 113 126 114 129 115 130 113 126 115 130 116 131 113 126 116 131 111 124 113 126 111 124 110 123 117 132 114 129 97 128 117 132 97 128 104 133 117 132 104 133 103 134 117 132 103 134 118 135 117 132 118 135 119 136 117 132 119 136 120 137 117 132 120 137 115 130 117 132 115 130 114 129 121 138 60 69 43 52 121 138 43 52 108 119 121 138 108 119 107 118 121 138 107 118 122 139 121 138 122 139 123 140 121 138 123 140 124 141 121 138 124 141 61 70 121 138 61 70 60 69 125 142 122 139 107 118 125 142 107 118 112 125 125 142 112 125 111 124 125 142 111 124 126 143 125 142 126 143 127 144 125 142 127 144 128 145 125 142 128 145 123 140 125 142 123 140 122 139 129 146 126 143 111 124 129 146 111 124 116 131 129 146 116 131 115 130 129 146 115 130 130 147 129 146 130 147 131 148 129 146 131 148 132 149 129 146 132 149 127 144 129 146 127 144 126 143 133 150 130 147 115 130 133 150 115 130 120 137 133 150 120 137 119 136 133 150 119 136 134 151 133 150 134 151 135 152 133 150 135 152 136 153 133 150 136 153 131 148 133 150 131 148 130 147 137 154 78 87 61 70 137 154 61 70 124 141 137 154 124 141 123 140 137 154 123 140 138 155 137 154 138 155 139 156 137 154 139 156 140 157 137 154 140 157 79 88 137 154 79 88 78 87 141 158 138 155 123 140 141 158 123 140 128 145 141 158 128 145 127 144 141 158 127 144 142 159 141 158 142 159 143 160 141 158 143 160 144 161 141 158 144 161 139 156 141 158 139 156 138 155 145 162 142 159 127 144 145 162 127 144 132 149 145 162 132 149 131 148 145 162 131 148 146 163 145 162 146 163 147 164 145 162 147 164 148 165 145 162 148 165 143 160 145 162 143 160 142 159 149 166 146 163 131 148 149 166 131 148 136 153 149 166 136 153 135 152 149 166 135 152 150 167 149 166 150 167 151 168 149 166 151 168 152 169 149 166 152 169 147 164 149 166 147 164 146 163 153 170 102 111 101 110 153 170 101 110 154 171 153 170 154 171 155 172 153 170 155 172 156 173 153 170 156 173 157 174 153 170 157 174 158 175 153 170 158 175 103 112 153 170 103 112 102 111 159 176 156 173 155 172 159 176 155 172 160 177 159 176 160 177 161 178 159 176 161 178 162 179 159 176 162 179 163 180 159 176 163 180 164 181 159 176 164 181 157 174 159 176 157 174 156 173 165 182 162 179 161 178 165 182 161 178 166 183 165 182 166 183 167 184 165 182 167 184 168 185 165 182 168 185 169 186 165 182 169 186 170 187 165 182 170 187 163 180 165 182 163 180 162 179 171 188 168 185 167 184 171 188 167 184 172 189 171 188 172 189 173 190 171 188 173 190 174 191 171 188 174 191 175 192 171 188 175 192 176 193 171 188 176 193 169 186 171 188 169 186 168 185 177 194 118 135 103 134 177 194 103 134 158 195 177 194 158 195 157 196 177 194 157 196 178 197 177 194 178 197 179 198 177 194 179 198 180 199 177 194 180 199 119 136 177 194 119 136 118 135 181 200 178 197 157 196 181 200 157 196 164 201 181 200 164 201 163 202 181 200 163 202 182 203 181 200 182 203 183 204 181 200 183 204 184 205 181 200 184 205 179 198 181 200 179 198 178 197 185 206 182 203 163 202 185 206 163 202 170 207 185 206 170 207 169 208 185 206 169 208 186 209 185 206 186 209 187 210 185 206 187 210 188 211 185 206 188 211 183 204 185 206 183 204 182 203 189 212 186 209 169 208 189 212 169 208 176 213 189 212 176 213 175 214 189 212 175 214 190 215 189 212 190 215 191 216 189 212 191 216 192 217 189 212 192 217 187 210 189 212 187 210 186 209 193 218 134 151 119 136 193 218 119 136 180 199 193 218 180 199 179 198 193 218 179 198 194 219 193 218 194 219 195 220 193 218 195 220 196 221 193 218 196 221 135 152 193 218 135 152 134 151 197 222 194 219 179 198 197 222 179 198 184 205 197 222 184 205 183 204 197 222 183 204 198 223 197 222 198 223 199 224 197 222 199 224 200 225 197 222 200 225 195 220 197 222 195 220 194 219 201 226 198 223 183 204 201 226 183 204 188 211 201 226 188 211 187 210 201 226 187 210 202 227 201 226 202 227 203 228 201 226 203 228 204 229 201 226 204 229 199 224 201 226 199 224 198 223 205 230 202 227 187 210 205 230 187 210 192 217 205 230 192 217 191 216 205 230 191 216 206 231 205 230 206 231 207 232 205 230 207 232 208 233 205 230 208 233 203 228 205 230 203 228 202 227 209 234 150 167 135 152 209 234 135 152 196 221 209 234 196 221 195 220 209 234 195 220 210 235 209 234 210 235 211 236 209 234 211 236 212 237 209 234 212 237 151 168 209 234 151 168 150 167 213 238 210 235 195 220 213 238 195 220 200 225 213 238 200 225 199 224 213 238 199 224 214 239 213 238 214 239 215 240 213 238 215 240 216 241 213 238 216 241 211 236 213 238 211 236 210 235 217 242 214 239 199 224 217 242 199 224 204 229 217 242 204 229 203 228 217 242 203 228 218 243 217 242 218 243 219 244 217 242 219 244 220 245 217 242 220 245 215 240 217 242 215 240 214 239 221 246 218 243 203 228 221 246 203 228 208 233 221 246 208 233 207 232 221 246 207 232 222 247 221 246 222 247 223 248 221 246 223 248 224 249 221 246 224 249 219 244 221 246 219 244 218 243 225 250 174 191 173 190 225 250 173 190 226 251 225 250 226 251 227 252 225 250 227 252 228 253 225 250 228 253 229 254 225 250 229 254 230 255 225 250 230 255 175 192 225 250 175 192 174 191 231 256 228 253 227 252 231 256 227 252 232 257 231 256 232 257 233 258 231 256 233 258 234 259 231 256 234 259 235 260 231 256 235 260 236 261 231 256 236 261 229 254 231 256 229 254 228 253 237 262 234 259 233 258 237 262 233 258 238 263 237 262 238 263 239 264 237 262 239 264 240 265 237 262 240 265 241 266 237 262 241 266 242 267 237 262 242 267 235 260 237 262 235 260 234 259 243 268 240 265 239 264 243 268 239 264 244 269 243 268 244 269 2 2 243 268 2 2 1 1 243 268 1 1 8 8 243 268 8 8 245 270 243 268 245 270 241 266 243 268 241 266 240 265 246 271 190 215 175 214 246 271 175 214 230 272 246 271 230 272 229 273 246 271 229 273 247 274 246 271 247 274 248 275 246 271 248 275 249 276 246 271 249 276 191 216 246 271 191 216 190 215 250 277 247 274 229 273 250 277 229 273 236 278 250 277 236 278 235 279 250 277 235 279 251 280 250 277 251 280 252 281 250 277 252 281 253 282 250 277 253 282 248 275 250 277 248 275 247 274 254 283 251 280 235 279 254 283 235 279 242 284 254 283 242 284 241 285 254 283 241 285 255 286 254 283 255 286 256 287 254 283 256 287 257 288 254 283 257 288 252 281 254 283 252 281 251 280 258 289 255 286 241 285 258 289 241 285 245 290 258 289 245 290 8 29 258 289 8 29 28 28 258 289 28 28 32 35 258 289 32 35 259 291 258 289 259 291 256 287 258 289 256 287 255 286 260 292 206 231 191 216 260 292 191 216 249 276 260 292 249 276 248 275 260 292 248 275 261 293 260 292 261 293 262 294 260 292 262 294 263 295 260 292 263 295 207 232 260 292 207 232 206 231 264 296 261 293 248 275 264 296 248 275 253 282 264 296 253 282 252 281 264 296 252 281 265 297 264 296 265 297 266 298 264 296 266 298 267 299 264 296 267 299 262 294 264 296 262 294 261 293 268 300 265 297 252 281 268 300 252 281 257 288 268 300 257 288 256 287 268 300 256 287 269 301 268 300 269 301 270 302 268 300 270 302 271 303 268 300 271 303 266 298 268 300 266 298 265 297 272 304 269 301 256 287 272 304 256 287 259 291 272 304 259 291 32 35 272 304 32 35 46 55 272 304 46 55 50 59 272 304 50 59 273 305 272 304 273 305 270 302 272 304 270 302 269 301 274 306 222 247 207 232 274 306 207 232 263 295 274 306 263 295 262 294 274 306 262 294 275 307 274 306 275 307 276 308 274 306 276 308 277 309 274 306 277 309 223 248 274 306 223 248 222 247 278 310 275 307 262 294 278 310 262 294 267 299 278 310 267 299 266 298 278 310 266 298 279 311 278 310 279 311 280 312 278 310 280 312 281 313 278 310 281 313 276 308 278 310 276 308 275 307 282 314 279 311 266 298 282 314 266 298 271 303 282 314 271 303 270 302 282 314 270 302 283 315 282 314 283 315 284 316 282 314 284 316 285 317 282 314 285 317 280 312 282 314 280 312 279 311 286 318 283 315 270 302 286 318 270 302 273 305 286 318 273 305 50 59 286 318 50 59 64 73 286 318 64 73 68 77 286 318 68 77 287 319 286 318 287 319 284 316 286 318 284 316 283 315 288 320 226 251 173 190 288 320 173 190 172 189 288 320 172 189 167 184 288 320 167 184 289 321 288 320 289 321 290 322 288 320 290 322 291 323 288 320 291 323 227 252 288 320 227 252 226 251 292 324 289 321 167 184 292 324 167 184 166 183 292 324 166 183 161 178 292 324 161 178 293 325 292 324 293 325 294 326 292 324 294 326 295 327 292 324 295 327 290 322 292 324 290 322 289 321 296 328 293 325 161 178 296 328 161 178 160 177 296 328 160 177 155 172 296 328 155 172 297 329 296 328 297 329 298 330 296 328 298 330 299 331 296 328 299 331 294 326 296 328 294 326 293 325 300 332 297 329 155 172 300 332 155 172 154 171 300 332 154 171 101 110 300 332 101 110 100 109 300 332 100 109 95 104 300 332 95 104 301 333 300 332 301 333 298 330 300 332 298 330 297 329 302 334 232 257 227 252 302 334 227 252 291 323 302 334 291 323 290 322 302 334 290 322 303 335 302 334 303 335 304 336 302 334 304 336 305 337 302 334 305 337 233 258 302 334 233 258 232 257 306 338 303 335 290 322 306 338 290 322 295 327 306 338 295 327 294 326 306 338 294 326 307 339 306 338 307 339 308 340 306 338 308 340 309 341 306 338 309 341 304 336 306 338 304 336 303 335 310 342 307 339 294 326 310 342 294 326 299 331 310 342 299 331 298 330 310 342 298 330 311 343 310 342 311 343 312 344 310 342 312 344 313 345 310 342 313 345 308 340 310 342 308 340 307 339 314 346 311 343 298 330 314 346 298 330 301 333 314 346 301 333 95 104 314 346 95 104 94 103 314 346 94 103 89 98 314 346 89 98 315 347 314 346 315 347 312 344 314 346 312 344 311 343 316 348 238 263 233 258 316 348 233 258 305 337 316 348 305 337 304 336 316 348 304 336 317 349 316 348 317 349 318 350 316 348 318 350 319 351 316 348 319 351 239 264 316 348 239 264 238 263 320 352 317 349 304 336 320 352 304 336 309 341 320 352 309 341 308 340 320 352 308 340 321 353 320 352 321 353 322 354 320 352 322 354 323 355 320 352 323 355 318 350 320 352 318 350 317 349 324 356 321 353 308 340 324 356 308 340 313 345 324 356 313 345 312 344 324 356 312 344 325 357 324 356 325 357 326 358 324 356 326 358 327 359 324 356 327 359 322 354 324 356 322 354 321 353 328 360 325 357 312 344 328 360 312 344 315 347 328 360 315 347 89 98 328 360 89 98 88 97 328 360 88 97 83 92 328 360 83 92 329 361 328 360 329 361 326 358 328 360 326 358 325 357 330 362 244 269 239 264 330 362 239 264 319 351 330 362 319 351 318 350 330 362 318 350 331 363 330 362 331 363 4 4 330 362 4 4 3 3 330 362 3 3 2 2 330 362 2 2 244 269 332 364 331 363 318 350 332 364 318 350 323 355 332 364 323 355 322 354 332 364 322 354 333 365 332 364 333 365 11 11 332 364 11 11 10 10 332 364 10 10 4 4 332 364 4 4 331 363 334 366 333 365 322 354 334 366 322 354 327 359 334 366 327 359 326 358 334 366 326 358 335 367 334 366 335 367 17 17 334 366 17 17 16 16 334 366 16 16 11 11 334 366 11 11 333 365 336 368 335 367 326 358 336 368 326 358 329 361 336 368 329 361 83 92 336 368 83 92 82 91 336 368 82 91 23 23 336 368 23 23 22 22 336 368 22 22 17 17 336 368 17 17 335 367 337 369 287 319 68 77 337 369 68 77 67 76 337 369 67 76 66 75 337 369 66 75 338 370 337 369 338 370 339 371 337 369 339 371 340 372 337 369 340 372 284 316 337 369 284 316 287 319 341 373 338 370 66 75 341 373 66 75 72 81 341 373 72 81 71 80 341 373 71 80 342 374 341 373 342 374 343 375 341 373 343 375 344 376 341 373 344 376 339 371 341 373 339 371 338 370 345 377 342 374 71 80 345 377 71 80 76 85 345 377 76 85 75 84 345 377 75 84 346 378 345 377 346 378 347 379 345 377 347 379 348 380 345 377 348 380 343 375 345 377 343 375 342 374 349 381 346 378 75 84 349 381 75 84 80 89 349 381 80 89 79 88 349 381 79 88 140 157 349 381 140 157 139 156 349 381 139 156 350 382 349 381 350 382 347 379 349 381 347 379 346 378 351 383 285 317 284 316 351 383 284 316 340 372 351 383 340 372 339 371 351 383 339 371 352 384 351 383 352 384 353 385 351 383 353 385 354 386 351 383 354 386 280 312 351 383 280 312 285 317 355 387 352 384 339 371 355 387 339 371 344 376 355 387 344 376 343 375 355 387 343 375 356 388 355 387 356 388 357 389 355 387 357 389 358 390 355 387 358 390 353 385 355 387 353 385 352 384 359 391 356 388 343 375 359 391 343 375 348 380 359 391 348 380 347 379 359 391 347 379 360 392 359 391 360 392 361 393 359 391 361 393 362 394 359 391 362 394 357 389 359 391 357 389 356 388 363 395 360 392 347 379 363 395 347 379 350 382 363 395 350 382 139 156 363 395 139 156 144 161 363 395 144 161 143 160 363 395 143 160 364 396 363 395 364 396 361 393 363 395 361 393 360 392 365 397 281 313 280 312 365 397 280 312 354 386 365 397 354 386 353 385 365 397 353 385 366 398 365 397 366 398 367 399 365 397 367 399 368 400 365 397 368 400 276 308 365 397 276 308 281 313 369 401 366 398 353 385 369 401 353 385 358 390 369 401 358 390 357 389 369 401 357 389 370 402 369 401 370 402 371 403 369 401 371 403 372 404 369 401 372 404 367 399 369 401 367 399 366 398 373 405 370 402 357 389 373 405 357 389 362 394 373 405 362 394 361 393 373 405 361 393 374 406 373 405 374 406 375 407 373 405 375 407 376 408 373 405 376 408 371 403 373 405 371 403 370 402 377 409 374 406 361 393 377 409 361 393 364 396 377 409 364 396 143 160 377 409 143 160 148 165 377 409 148 165 147 164 377 409 147 164 378 410 377 409 378 410 375 407 377 409 375 407 374 406 379 411 277 309 276 308 379 411 276 308 368 400 379 411 368 400 367 399 379 411 367 399 380 412 379 411 380 412 219 244 379 411 219 244 224 249 379 411 224 249 223 248 379 411 223 248 277 309 381 413 380 412 367 399 381 413 367 399 372 404 381 413 372 404 371 403 381 413 371 403 382 414 381 413 382 414 215 240 381 413 215 240 220 245 381 413 220 245 219 244 381 413 219 244 380 412 383 415 382 414 371 403 383 415 371 403 376 408 383 415 376 408 375 407 383 415 375 407 384 416 383 415 384 416 211 236 383 415 211 236 216 241 383 415 216 241 215 240 383 415 215 240 382 414 385 417 384 416 375 407 385 417 375 407 378 410 385 417 378 410 147 164 385 417 147 164 152 169 385 417 152 169 151 168 385 417 151 168 212 237 385 417 212 237 211 236 385 417 211 236 384 416</p>
                </triangles>
            </mesh>
        </geometry>
        <geometry id="NODE5-lib" name="NODE5Mesh">
            <mesh>
                <source id="NODE5-lib-positions">
                    <float_array id="NODE5-lib-positions-array" count="1158">0.469948 0.702085 0.00563152 0.60628 0.606278 0.00856386 0.557369 0.557339 0.000395503 0.451542 0.606594 -0.00231664 0.301073 0.65041 -0.00579145 0.3134 0.763831 0.000156408 0.325671 0.822278 0.0167579 0.486262 0.742077 0.0254896 0.630053 0.630164 0.0303966 0.156697 0.798775 -0.000637451 0.150553 0.675579 -0.00667474 2.84848e-06 0.683494 -0.00742228 1.06338e-05 0.80954 -0.00122276 -6.2793e-05 0.8753 0.0173318 0.164168 0.872358 0.00779152 -0.156621 0.798629 -0.000851015 -0.150546 0.675554 -0.00719085 -0.301086 0.65042 -0.00588173 -0.313376 0.763642 0.000993162 -0.325821 0.818508 0.0182312 -0.161516 0.860828 0.0165276 -0.470209 0.702126 0.00408185 -0.45162 0.606679 -0.00290906 -0.55736 0.55739 -0.000763196 -0.604742 0.604561 0.0120696 -0.616062 0.617687 0.0299987 -0.491062 0.748338 0.0200137 0.484359 0.745656 0.0469785 0.63315 0.633327 0.0495223 0.322157 0.825958 0.0430342 0.318756 0.820677 0.0799811 0.477344 0.7366 0.0807245 0.628112 0.630135 0.0808907 0.162234 0.882731 0.0480821 0.000227102 0.881966 0.040015 -6.12511e-05 0.875815 0.0802805 0.158929 0.868366 0.0797769 -0.159268 0.864239 0.0395918 -0.322207 0.824683 0.0435544 -0.318843 0.825594 0.0775023 -0.157753 0.858616 0.0804367 -0.487488 0.750354 0.0481151 -0.61568 0.617785 0.0453006 -0.618405 0.618195 0.0788196 -0.48612 0.749164 0.0769618 0.477365 0.736815 0.108091 0.63289 0.63321 0.106701 0.321387 0.82432 0.113959 0.321925 0.814872 0.138294 0.477024 0.729456 0.125335 0.633098 0.631425 0.130298 0.161487 0.873782 0.116387 -3.90737e-05 0.880889 0.116695 0.000153086 0.870661 0.143637 0.162713 0.860944 0.143977 -0.159461 0.861545 0.115946 -0.324178 0.832473 0.114401 -0.326723 0.821071 0.14208 -0.160969 0.853885 0.141747 -0.490083 0.754 0.109691 -0.618482 0.622086 0.102375 -0.611687 0.622254 0.114262 -0.490007 0.747113 0.136462 0.467716 0.698219 0.164949 0.608072 0.608675 0.167817 0.313191 0.763366 0.181367 0.300983 0.650229 0.220056 0.451783 0.606897 0.204962 0.558668 0.558825 0.196361 0.15662 0.798209 0.187184 4.36623e-05 0.808236 0.186932 6.32554e-06 0.682651 0.229563 0.150442 0.674988 0.227951 -0.156289 0.796947 0.184179 -0.313388 0.763577 0.181695 -0.300869 0.649967 0.218802 -0.150364 0.674764 0.226881 -0.470525 0.7025 0.171834 -0.594446 0.598918 0.148525 -0.556199 0.556423 0.185362 -0.451444 0.606505 0.203312 -0.701264 0.469441 0.00775818 -0.60661 0.451561 -0.00285861 -0.650453 0.301096 -0.0056382 -0.763561 0.313299 0.00132618 -0.825054 0.326744 0.0159722 -0.736784 0.480393 0.0285005 -0.797865 0.156679 0.000760589 -0.675569 0.150554 -0.0075815 -0.683479 -2.99646e-06 -0.00733763 -0.808165 3.28765e-05 0.00171414 -0.865964 -0.00124444 0.025414 -0.843363 0.16521 0.0267816 -0.798289 -0.156749 4.17177e-05 -0.67558 -0.150553 -0.00748149 -0.650451 -0.301096 -0.0054567 -0.763644 -0.3133 0.000753783 -0.825259 -0.327944 0.0170498 -0.85377 -0.163095 0.0219638 -0.702218 -0.470079 0.00544454 -0.60662 -0.451563 -0.00242882 -0.55732 -0.557332 -4.29899e-06 -0.605001 -0.60511 0.0116063 -0.622134 -0.620705 0.030898 -0.751935 -0.493663 0.017244 -0.740124 0.479697 0.0458579 -0.834241 0.325729 0.0444674 -0.832715 0.32207 0.0773067 -0.736718 0.478169 0.0787398 -0.84897 0.162764 0.0427751 -0.870764 -0.00186136 0.0393188 -0.851487 -0.00143798 0.0829904 -0.848472 0.157945 0.0831826 -0.858146 -0.160749 0.0404427 -0.837175 -0.325085 0.0452841 -0.828427 -0.321639 0.0804686 -0.855856 -0.157905 0.0811573 -0.750931 -0.489149 0.0524546 -0.621257 -0.621025 0.045383 -0.613307 -0.61327 0.0799089 -0.739989 -0.481367 0.0789714 -0.739623 0.479246 0.108741 -0.839418 0.327353 0.115012 -0.82452 0.326771 0.14403 -0.732912 0.477871 0.125222 -0.85412 0.162257 0.114319 -0.85866 -0.00257011 0.115811 -0.85263 -0.001632 0.135161 -0.846323 0.164953 0.136934 -0.863988 -0.161948 0.114719 -0.833009 -0.325252 0.113898 -0.822781 -0.326516 0.143261 -0.852691 -0.163069 0.138365 -0.747992 -0.486243 0.109794 -0.620046 -0.61945 0.111582 -0.621182 -0.619474 0.12759 -0.741368 -0.48428 0.131162 -0.697809 0.466504 0.161642 -0.763704 0.313359 0.181964 -0.649759 0.300724 0.218255 -0.6056 0.450659 0.199464 -0.795569 0.156664 0.180795 -0.804378 -0.000276969 0.180101 -0.682254 -9.1466e-06 0.227951 -0.674492 0.150318 0.225154 -0.797205 -0.156706 0.18476 -0.764052 -0.313533 0.183194 -0.649869 -0.300815 0.218793 -0.67472 -0.150359 0.226099 -0.700945 -0.469085 0.167157 -0.602753 -0.602857 0.154356 -0.556398 -0.556406 0.185388 -0.605857 -0.450834 0.20045 -0.470104 -0.701935 0.00544739 -0.451575 -0.606619 -0.0033705 -0.301081 -0.650431 -0.00605265 -0.313095 -0.763298 0.00211927 -0.321886 -0.816622 0.0218575 -0.480207 -0.731349 0.0250662 -0.156658 -0.798791 -0.00213887 -0.150554 -0.6756 -0.00672834 6.96483e-07 -0.683513 -0.00717849 3.55118e-05 -0.80967 -0.00288096 0.000123626 -0.880911 0.0134636 -0.164001 -0.868928 0.0130187 0.156689 -0.798897 -0.00205084 0.150554 -0.675603 -0.00583984 0.301086 -0.650453 -0.00543564 0.313275 -0.763656 0.000532961 0.327181 -0.825704 0.0161449 0.164204 -0.871651 0.0102735 0.470044 -0.701802 0.00587186 0.451572 -0.606603 -0.00273715 0.55753 -0.557527 -0.00160903 0.606758 -0.606756 0.00550616 0.631688 -0.631463 0.024732 0.486591 -0.73935 0.0229451 -0.476525 -0.732657 0.0434232 -0.318277 -0.821029 0.0413327 -0.315222 -0.812079 0.0804461 -0.471592 -0.727748 0.0805049 -0.16183 -0.879645 0.0418187 -4.7632e-05 -0.889517 0.0411126 -0.000857028 -0.881315 0.079109 -0.158855 -0.876429 0.079983 0.163618 -0.895532 0.0582418 0.327648 -0.83728 0.0447139 0.326035 -0.833163 0.0786307 0.160877 -0.884487 0.0806823 0.48079 -0.739872 0.0442001 0.629478 -0.629223 0.0485567 0.623118 -0.62418 0.0800056 0.475047 -0.733163 0.0800044 -0.477666 -0.732047 0.110188 -0.316067 -0.81848 0.11248 -0.314663 -0.809512 0.133686 -0.479698 -0.727004 0.127153 -0.162028 -0.878879 0.117037 2.83134e-05 -0.881994 0.11543 -0.000244326 -0.868736 0.141594 -0.163459 -0.866649 0.148112 0.162292 -0.884561 0.118904 0.328244 -0.838693 0.113637 0.327589 -0.826401 0.145677 0.163944 -0.86732 0.147623 0.476942 -0.735399 0.109461 0.626888 -0.626354 0.107953 0.626091 -0.623786 0.125222 0.478056 -0.730097 0.128634 -0.467263 -0.69725 0.161516 -0.311187 -0.760161 0.17479 -0.300453 -0.649208 0.215893 -0.450652 -0.605437 0.198994 -0.156717 -0.798898 0.189267 5.09111e-05 -0.808529 0.188147 -3.19727e-05 -0.682745 0.229917 -0.15029 -0.674725 0.226907 0.156702 -0.798917 0.189088 0.313197 -0.763499 0.181508 0.300738 -0.649873 0.218655 0.150425 -0.67498 0.228011 0.467193 -0.698431 0.16198 0.603742 -0.603283 0.155653 0.55664 -0.55653 0.186537 0.450684 -0.605545 0.199381 0.702622 -0.470641 -0.00039326 0.606761 -0.451691 -0.00326598 0.650476 -0.301111 -0.00557002 0.764117 -0.313572 -0.00253308 0.830657 -0.328626 0.0070039 0.753838 -0.494233 0.00846757 0.799075 -0.156725 -0.0033819 0.675601 -0.150557 -0.00658494 0.683515 -1.27527e-06 -0.00612206 0.810193 1.95193e-05 -0.00545049 0.885011 3.81757e-05 0.0092273 0.868556 -0.164158 0.0143522 0.79923 0.156733 -0.00444489 0.675574 0.150539 -0.00552061 0.650388 0.301037 -0.00423516 0.763829 0.313379 -0.000646137 0.822454 0.32488 0.0202296 0.869737 0.163756 0.0129901 0.701822 0.470017 0.0051128 0.606673 0.451618 -0.00235304 0.746092 0.489486 0.0228097 0.763032 -0.499123 0.059132 0.843388 -0.327873 0.0487152 0.83876 -0.323059 0.0778779 0.758544 -0.495045 0.0803263 0.882197 -0.16225 0.0435343 0.903348 -0.00237019 0.0506994 0.892376 -0.000489997 0.0787067 0.872023 -0.159878 0.0798529 0.891401 0.167023 0.0335811 0.834548 0.326412 0.0442401 0.822516 0.319881 0.0815348 0.878184 0.161055 0.0837074 0.74968 0.48655 0.0486215 0.744446 0.480425 0.079019 0.761559 -0.496184 0.111455 0.846633 -0.328928 0.110351 0.828392 -0.328524 0.147809 0.749388 -0.491489 0.137368 0.877907 -0.161989 0.117141 0.892261 -8.53934e-05 0.118627 0.875846 0.000288526 0.145416 0.863525 -0.163172 0.144763 0.878836 0.16234 0.118091 0.825874 0.322126 0.11445 0.817918 0.32386 0.139439 0.862763 0.162217 0.14344 0.747724 0.485527 0.109816 0.741175 0.48752 0.133804 0.702056 -0.470118 0.170255 0.764002 -0.313518 0.183101 0.650408 -0.301078 0.221191 0.606401 -0.451325 0.203013 0.798171 -0.156593 0.187336 0.808895 -2.30571e-05 0.188847 0.682709 -2.48653e-05 0.229872 0.675038 -0.150432 0.228034 0.797756 0.156567 0.186984 0.76252 0.312823 0.179797 0.650305 0.301023 0.220482 0.674962 0.15045 0.228457 0.702497 0.470467 0.17166 0.60739 0.452153 0.207291 0.470354 -0.470354 -0.00448028 0.313582 -0.501228 -0.002868 0.334157 -0.334156 0.0029294 0.501229 -0.313583 -0.00143695 0.156793 -0.519045 7.70707e-05 5.51125e-07 -0.524691 0.000229768 -9.87272e-08 -0.349787 0.00671781 0.167077 -0.346027 0.00589617 -0.156794 -0.519046 -0.000797161 -0.313583 -0.501228 -0.00345082 -0.334157 -0.334157 0.0025823 -0.167078 -0.346028 0.00586523 -0.470356 -0.470355 -0.00509906 -0.501226 -0.313583 -0.00206739 0.519042 -0.156793 1.28662e-05 0.346027 -0.167077 0.00615231 0.349786 -9.47596e-09 0.00671528 0.524687 1.12117e-07 0.000698158 0.173012 -0.173012 0.00790478 -3.21597e-08 -0.174892 0.0086398 3.94123e-07 2.42231e-07 0.0094674 0.174891 4.14325e-08 0.00864414 -0.173012 -0.173012 0.00789952 -0.346029 -0.167078 0.00616335 -0.349787 -4.80766e-08 0.00663676 -0.174891 -4.30764e-08 0.00859142 -0.519042 -0.156793 -0.000894241 -0.524686 3.70296e-07 -0.000721734 0.519039 0.156791 -0.000172326 0.346027 0.167077 0.00600549 0.334155 0.334154 0.00315846 0.501219 0.313576 -0.00185216 0.173011 0.173011 0.00786575 6.38772e-08 0.174891 0.00859905 -1.12208e-07 0.349787 0.00667384 0.167077 0.346027 0.00587922 -0.173012 0.173012 0.00787327 -0.346028 0.167078 0.00594751 -0.334156 0.334156 0.00179285 -0.167078 0.346028 0.00594105 -0.519035 0.156792 -0.00137328 -0.50122 0.313585 -0.0030029 0.470319 0.470322 -0.00338941 0.313581 0.501231 -0.00255939 0.156793 0.519045 -0.000838412 1.31426e-07 0.524689 -0.000497417 -0.156795 0.519043 -0.00120906 -0.313584 0.501226 -0.00280041 -0.470353 0.470352 -0.00544764 0.470166 0.470156 0.23275 0.312975 0.500388 0.250807 0.333348 0.333351 0.276043 0.500249 0.31296 0.250515 0.156502 0.51805 0.262004 -6.37351e-05 0.523879 0.265962 -1.29992e-05 0.349433 0.292048 0.16683 0.34549 0.28869 -0.156635 0.518392 0.264352 -0.313189 0.500636 0.253561 -0.3336 0.333624 0.277407 -0.166909 0.345623 0.289921 -0.469668 0.469726 0.230088 -0.500619 0.313182 0.253047 0.518108 0.156433 0.262943 0.34547 0.166814 0.288459 0.349433 -5.03345e-07 0.292036 0.52405 -1.63722e-05 0.268045 0.172963 0.172964 0.299798 -1.57643e-06 0.174864 0.301296 3.17931e-09 -9.13233e-09 0.302993 0.174854 1.00523e-06 0.300946 -0.172937 0.172932 0.299324 -0.345599 0.166904 0.28956 -0.349477 -2.25109e-06 0.292076 -0.174854 -9.73881e-07 0.30124 -0.518493 0.156633 0.264561 -0.524198 3.73284e-07 0.267887 0.518344 -0.156586 0.264982 0.345573 -0.166901 0.28936 0.333567 -0.333551 0.277383 0.500428 -0.31309 0.252823 0.172953 -0.172954 0.299664 -6.87793e-07 -0.17486 0.301198 6.79797e-07 -0.349522 0.292584 0.166919 -0.345669 0.290022 -0.172929 -0.172927 0.299207 -0.345684 -0.166935 0.289964 -0.333689 -0.333692 0.278504 -0.166913 -0.345643 0.289802 -0.518469 -0.156613 0.264748 -0.500579 -0.313139 0.253042 0.469604 -0.469569 0.229865 0.313143 -0.500551 0.252745 0.156595 -0.518363 0.264737 -6.09559e-06 -0.524069 0.267842 -0.1566 -0.518356 0.264514 -0.313075 -0.500434 0.251831 -0.469689 -0.469687 0.230127</float_array>
                    <technique_common>
                        <accessor count="386" source="#NODE5-lib-positions-array" stride="3">
                            <param name="X" type="float" />
                            <param name="Y" type="float" />
                            <param name="Z" type="float" />
                        </accessor>
                    </technique_common>
                </source>
                <source id="NODE5-lib-uv">
                    <float_array id="NODE5-lib-uv-array" count="836">0.57641 0.520527 0.537604 0.551957 0.557947 0.569404 0.589476 0.550809 0.630383 0.535106 0.620746 0.498845 0.611871 0.47627 0.565177 0.503862 0.524418 0.54059 0.665361 0.484507 0.671942 0.5245 0.713947 0.518965 0.710847 0.478839 0.70902 0.45222 0.659541 0.457577 0.756862 0.478306 0.756461 0.518269 0.799211 0.521935 0.803351 0.484602 0.808508 0.461747 0.758006 0.452886 0.84993 0.498398 0.841976 0.530496 0.875956 0.544189 0.893166 0.52425 0.901343 0.514393 0.859877 0.479095 0.022164 0.37513 0.0167695 0.314092 0.00740057 0.314006 0.0117362 0.375471 0.0253037 0.435799 0.0369451 0.433118 0.0510414 0.427918 0.0363046 0.373237 0.0293561 0.314747 0.0626447 0.481823 0.0486806 0.48995 0.0878948 0.531842 0.0960904 0.52365 0.107873 0.512451 0.0751209 0.474287 0.136207 0.558756 0.130588 0.568498 0.180902 0.597995 0.184006 0.586598 0.188741 0.573371 0.145817 0.545114 0.239681 0.604997 0.238752 0.617106 0.300197 0.618522 0.300121 0.610416 0.300994 0.597001 0.241713 0.593011 0.0482938 0.371287 0.0409712 0.314539 0.064666 0.422029 0.075719 0.41625 0.0578068 0.368208 0.0520085 0.314406 0.087722 0.465358 0.118683 0.50175 0.128288 0.492319 0.098832 0.456921 0.155024 0.533045 0.196036 0.560058 0.20327 0.548752 0.163344 0.523 0.2447 0.579395 0.300133 0.586115 0.298706 0.578511 0.248685 0.567379 0.076838 0.362428 0.0703435 0.315452 0.0963074 0.404719 0.126006 0.384843 0.105986 0.349048 0.0962315 0.316178 0.119916 0.441566 0.147084 0.474426 0.174982 0.447744 0.149345 0.417567 0.178865 0.503262 0.21495 0.527192 0.236053 0.498667 0.204056 0.474504 0.255596 0.547573 0.300776 0.56045 0.302565 0.535086 0.270909 0.520759 0.924795 0.562867 0.894588 0.575702 0.910305 0.616402 0.94694 0.606499 0.970042 0.597525 0.94043 0.55282 0.958899 0.651499 0.920024 0.658102 0.926319 0.700222 0.966391 0.697055 0.991233 0.695195 0.980858 0.645573 0.967067 0.743041 0.927188 0.742668 0.923963 0.785346 0.961453 0.789198 0.986046 0.794546 0.991233 0.744226 0.947838 0.835978 0.915539 0.82803 0.901768 0.861914 0.921803 0.879236 0.932821 0.888625 0.967864 0.84628 0.361639 0.605936 0.362087 0.614979 0.421576 0.60448 0.417821 0.59219 0.413941 0.579163 0.359229 0.592473 0.465211 0.565672 0.469177 0.574001 0.514893 0.538083 0.509157 0.531671 0.496288 0.518457 0.457917 0.551147 0.545146 0.492247 0.553586 0.49738 0.586061 0.449614 0.573715 0.445667 0.560698 0.43984 0.531633 0.483378 0.592611 0.38892 0.606589 0.390638 0.606589 0.328372 0.598774 0.328282 0.584699 0.327955 0.580187 0.386182 0.357646 0.579723 0.407338 0.565064 0.401196 0.552693 0.35496 0.570496 0.448969 0.540276 0.486613 0.507545 0.479001 0.499876 0.441361 0.530734 0.520751 0.473464 0.548314 0.43308 0.536445 0.426159 0.511106 0.465205 0.566354 0.383676 0.57134 0.32835 0.562504 0.328487 0.555636 0.380757 0.348869 0.552069 0.390667 0.531387 0.371188 0.502613 0.335436 0.52386 0.428445 0.51001 0.461593 0.482072 0.435127 0.454444 0.404716 0.47987 0.491048 0.450447 0.514909 0.414324 0.486301 0.393297 0.462046 0.425351 0.536064 0.373952 0.547146 0.327581 0.521278 0.326587 0.508359 0.358642 0.883326 0.910372 0.870086 0.880351 0.829196 0.896262 0.838881 0.93234 0.847087 0.953974 0.892591 0.924622 0.794174 0.946521 0.787523 0.906948 0.745581 0.913131 0.748985 0.953647 0.75142 0.980989 0.800552 0.973177 0.70322 0.954234 0.703163 0.91402 0.660273 0.910449 0.656849 0.947826 0.651357 0.972477 0.70172 0.982031 0.609209 0.933354 0.617217 0.901428 0.582935 0.888128 0.565615 0.908692 0.554578 0.922076 0.600972 0.950789 0.593123 0.26785 0.602593 0.267665 0.587377 0.208302 0.57747 0.210144 0.563119 0.216063 0.578185 0.269781 0.55397 0.161157 0.566018 0.155598 0.531223 0.110333 0.52146 0.118504 0.509643 0.129518 0.540539 0.168296 0.480173 0.0844407 0.490864 0.068125 0.43752 0.0416722 0.433719 0.0540047 0.427694 0.0666555 0.473569 0.0942556 0.376367 0.0362976 0.376717 0.0258451 0.314773 0.0177006 0.314137 0.0283934 0.314355 0.0413741 0.373389 0.0506782 0.565368 0.272609 0.549929 0.220275 0.539317 0.225241 0.556454 0.275539 0.527671 0.177045 0.498176 0.139476 0.488052 0.148829 0.515951 0.185436 0.463636 0.106443 0.421486 0.0802255 0.41444 0.0929376 0.453834 0.117626 0.370762 0.0632646 0.313018 0.0533921 0.312328 0.0626734 0.367155 0.0730218 0.538547 0.280131 0.519696 0.237283 0.490172 0.25732 0.510347 0.293561 0.495098 0.20058 0.468297 0.16753 0.440477 0.194105 0.466285 0.224553 0.437377 0.13856 0.401527 0.113826 0.379876 0.14151 0.411663 0.16674 0.360404 0.0904498 0.312629 0.0798613 0.312495 0.106072 0.34512 0.118433 0.533476 0.869696 0.563957 0.856659 0.548472 0.815626 0.512068 0.825307 0.487854 0.834696 0.515032 0.882817 0.49863 0.780288 0.538192 0.773833 0.532244 0.731719 0.491688 0.734778 0.463508 0.736851 0.471973 0.786081 0.491589 0.68892 0.531688 0.689228 0.535501 0.646369 0.498241 0.642419 0.474189 0.63734 0.4641 0.687132 0.512503 0.595298 0.544403 0.603432 0.493445 0.586025 0.253083 0.0321509 0.250897 0.0144221 0.18944 0.0314172 0.193979 0.0469136 0.197954 0.0591534 0.254192 0.0425528 0.144569 0.0740588 0.138418 0.0619779 0.0918039 0.097006 0.104762 0.109123 0.114275 0.119009 0.153378 0.0866797 0.0668014 0.148249 0.0554481 0.141648 0.0305257 0.193753 0.042053 0.197312 0.0564821 0.203226 0.0825079 0.15825 0.0238367 0.25359 0.0122098 0.252893 0.036825 0.255361 0.256062 0.056133 0.204571 0.0716878 0.212276 0.0864869 0.259122 0.0687296 0.162679 0.0992513 0.125728 0.130311 0.135756 0.140521 0.171642 0.11024 0.0943755 0.166787 0.0692725 0.209369 0.0799951 0.215787 0.105159 0.175341 0.0496046 0.259001 0.060614 0.263066 0.265352 0.0896511 0.223907 0.109054 0.244055 0.138569 0.279749 0.117835 0.187133 0.132014 0.154394 0.159647 0.181104 0.187497 0.211211 0.161747 0.125838 0.191708 0.100961 0.227808 0.129873 0.248778 0.154286 0.216799 0.0805566 0.269156 0.108597 0.283941 0.608971 0.857424 0.654041 0.864283 0.644133 0.816215 0.595024 0.814217 0.698069 0.866278 0.741512 0.864678 0.737321 0.813934 0.691101 0.816447 0.784631 0.859106 0.827726 0.849885 0.829665 0.801065 0.783328 0.808872 0.871152 0.835903 0.877807 0.791275 0.586076 0.771088 0.636402 0.769922 0.631515 0.723909 0.580715 0.727921 0.685294 0.767869 0.73332 0.764562 0.729407 0.716053 0.680893 0.719938 0.781238 0.76008 0.829797 0.754256 0.827305 0.70812 0.777934 0.712131 0.879607 0.747446 0.878003 0.70406 0.579367 0.68446 0.629187 0.677674 0.629562 0.630706 0.581543 0.640447 0.677708 0.671892 0.725569 0.667496 0.721712 0.618079 0.675794 0.622973 0.773542 0.664229 0.822333 0.662163 0.814734 0.615939 0.767858 0.615696 0.872474 0.660913 0.86369 0.617893 0.588477 0.595547 0.631693 0.581643 0.674691 0.572589 0.717724 0.567316 0.761144 0.565896 0.805085 0.567927 0.849851 0.574682 0.134594 0.317123 0.156323 0.353256 0.1859 0.318039 0.158431 0.281694 0.181142 0.385897 0.207953 0.416333 0.242237 0.38371 0.213299 0.351826 0.237282 0.444366 0.269047 0.470793 0.305263 0.443563 0.272781 0.414156 0.304029 0.495536 0.339995 0.473027 0.184633 0.249826 0.215 0.285301 0.24531 0.25457 0.212636 0.220364 0.24501 0.319234 0.275487 0.351985 0.308173 0.320677 0.276985 0.287837 0.306702 0.384115 0.339118 0.415955 0.371045 0.386988 0.339371 0.353578 0.373053 0.448067 0.403674 0.421378 0.243076 0.193408 0.277125 0.225359 0.310851 0.197442 0.275884 0.168193 0.309575 0.257149 0.340792 0.289404 0.373853 0.257728 0.343318 0.226926 0.371339 0.322316 0.401457 0.356403 0.430652 0.323829 0.402965 0.289874 0.431755 0.392059 0.458122 0.360278 0.311986 0.1453 0.346982 0.169624 0.378574 0.196616 0.407818 0.22527 0.434894 0.256038 0.46006 0.288889 0.482319 0.32526</float_array>
                    <technique_common>
                        <accessor count="418" source="#NODE5-lib-uv-array" stride="2">
                            <param name="S" type="float" />
                            <param name="T" type="float" />
                        </accessor>
                    </technique_common>
                </source>
                <vertices id="NODE5-lib-vertices">
                    <input semantic="POSITION" source="#NODE5-lib-positions" />
                </vertices>
                <triangles count="768" material="MAT0">
                    <input offset="0" semantic="VERTEX" source="#NODE5-lib-vertices" set="0" />
                    <input offset="1" semantic="TEXCOORD" source="#NODE5-lib-uv" set="0" />
                    <p>0 0 1 1 2 2 0 0 2 2 3 3 0 0 3 3 4 4 0 0 4 4 5 5 0 0 5 5 6 6 0 0 6 6 7 7 0 0 7 7 8 8 0 0 8 8 1 1 9 9 5 5 4 4 9 9 4 4 10 10 9 9 10 10 11 11 9 9 11 11 12 12 9 9 12 12 13 13 9 9 13 13 14 14 9 9 14 14 6 6 9 9 6 6 5 5 15 15 12 12 11 11 15 15 11 11 16 16 15 15 16 16 17 17 15 15 17 17 18 18 15 15 18 18 19 19 15 15 19 19 20 20 15 15 20 20 13 13 15 15 13 13 12 12 21 21 18 18 17 17 21 21 17 17 22 22 21 21 22 22 23 23 21 21 23 23 24 24 21 21 24 24 25 25 21 21 25 25 26 26 21 21 26 26 19 19 21 21 19 19 18 18 27 27 28 28 8 29 27 27 8 29 7 30 27 27 7 30 6 31 27 27 6 31 29 32 27 27 29 32 30 33 27 27 30 33 31 34 27 27 31 34 32 35 27 27 32 35 28 28 33 36 29 32 6 31 33 36 6 31 14 37 33 36 14 37 13 38 33 36 13 38 34 39 33 36 34 39 35 40 33 36 35 40 36 41 33 36 36 41 30 33 33 36 30 33 29 32 37 42 34 39 13 38 37 42 13 38 20 43 37 42 20 43 19 44 37 42 19 44 38 45 37 42 38 45 39 46 37 42 39 46 40 47 37 42 40 47 35 40 37 42 35 40 34 39 41 48 38 45 19 44 41 48 19 44 26 49 41 48 26 49 25 50 41 48 25 50 42 51 41 48 42 51 43 52 41 48 43 52 44 53 41 48 44 53 39 46 41 48 39 46 38 45 45 54 46 55 32 35 45 54 32 35 31 34 45 54 31 34 30 33 45 54 30 33 47 56 45 54 47 56 48 57 45 54 48 57 49 58 45 54 49 58 50 59 45 54 50 59 46 55 51 60 47 56 30 33 51 60 30 33 36 41 51 60 36 41 35 40 51 60 35 40 52 61 51 60 52 61 53 62 51 60 53 62 54 63 51 60 54 63 48 57 51 60 48 57 47 56 55 64 52 61 35 40 55 64 35 40 40 47 55 64 40 47 39 46 55 64 39 46 56 65 55 64 56 65 57 66 55 64 57 66 58 67 55 64 58 67 53 62 55 64 53 62 52 61 59 68 56 65 39 46 59 68 39 46 44 53 59 68 44 53 43 52 59 68 43 52 60 69 59 68 60 69 61 70 59 68 61 70 62 71 59 68 62 71 57 66 59 68 57 66 56 65 63 72 64 73 50 59 63 72 50 59 49 58 63 72 49 58 48 57 63 72 48 57 65 74 63 72 65 74 66 75 63 72 66 75 67 76 63 72 67 76 68 77 63 72 68 77 64 73 69 78 65 74 48 57 69 78 48 57 54 63 69 78 54 63 53 62 69 78 53 62 70 79 69 78 70 79 71 80 69 78 71 80 72 81 69 78 72 81 66 75 69 78 66 75 65 74 73 82 70 79 53 62 73 82 53 62 58 67 73 82 58 67 57 66 73 82 57 66 74 83 73 82 74 83 75 84 73 82 75 84 76 85 73 82 76 85 71 80 73 82 71 80 70 79 77 86 74 83 57 66 77 86 57 66 62 71 77 86 62 71 61 70 77 86 61 70 78 87 77 86 78 87 79 88 77 86 79 88 80 89 77 86 80 89 75 84 77 86 75 84 74 83 81 90 24 24 23 23 81 90 23 23 82 91 81 90 82 91 83 92 81 90 83 92 84 93 81 90 84 93 85 94 81 90 85 94 86 95 81 90 86 95 25 25 81 90 25 25 24 24 87 96 84 93 83 92 87 96 83 92 88 97 87 96 88 97 89 98 87 96 89 98 90 99 87 96 90 99 91 100 87 96 91 100 92 101 87 96 92 101 85 94 87 96 85 94 84 93 93 102 90 99 89 98 93 102 89 98 94 103 93 102 94 103 95 104 93 102 95 104 96 105 93 102 96 105 97 106 93 102 97 106 98 107 93 102 98 107 91 100 93 102 91 100 90 99 99 108 96 105 95 104 99 108 95 104 100 109 99 108 100 109 101 110 99 108 101 110 102 111 99 108 102 111 103 112 99 108 103 112 104 113 99 108 104 113 97 106 99 108 97 106 96 105 105 114 42 51 25 50 105 114 25 50 86 115 105 114 86 115 85 116 105 114 85 116 106 117 105 114 106 117 107 118 105 114 107 118 108 119 105 114 108 119 43 52 105 114 43 52 42 51 109 120 106 117 85 116 109 120 85 116 92 121 109 120 92 121 91 122 109 120 91 122 110 123 109 120 110 123 111 124 109 120 111 124 112 125 109 120 112 125 107 118 109 120 107 118 106 117 113 126 110 123 91 122 113 126 91 122 98 127 113 126 98 127 97 128 113 126 97 128 114 129 113 126 114 129 115 130 113 126 115 130 116 131 113 126 116 131 111 124 113 126 111 124 110 123 117 132 114 129 97 128 117 132 97 128 104 133 117 132 104 133 103 134 117 132 103 134 118 135 117 132 118 135 119 136 117 132 119 136 120 137 117 132 120 137 115 130 117 132 115 130 114 129 121 138 60 69 43 52 121 138 43 52 108 119 121 138 108 119 107 118 121 138 107 118 122 139 121 138 122 139 123 140 121 138 123 140 124 141 121 138 124 141 61 70 121 138 61 70 60 69 125 142 122 139 107 118 125 142 107 118 112 125 125 142 112 125 111 124 125 142 111 124 126 143 125 142 126 143 127 144 125 142 127 144 128 145 125 142 128 145 123 140 125 142 123 140 122 139 129 146 126 143 111 124 129 146 111 124 116 131 129 146 116 131 115 130 129 146 115 130 130 147 129 146 130 147 131 148 129 146 131 148 132 149 129 146 132 149 127 144 129 146 127 144 126 143 133 150 130 147 115 130 133 150 115 130 120 137 133 150 120 137 119 136 133 150 119 136 134 151 133 150 134 151 135 152 133 150 135 152 136 153 133 150 136 153 131 148 133 150 131 148 130 147 137 154 78 87 61 70 137 154 61 70 124 141 137 154 124 141 123 140 137 154 123 140 138 155 137 154 138 155 139 156 137 154 139 156 140 157 137 154 140 157 79 88 137 154 79 88 78 87 141 158 138 155 123 140 141 158 123 140 128 145 141 158 128 145 127 144 141 158 127 144 142 159 141 158 142 159 143 160 141 158 143 160 144 161 141 158 144 161 139 156 141 158 139 156 138 155 145 162 142 159 127 144 145 162 127 144 132 149 145 162 132 149 131 148 145 162 131 148 146 163 145 162 146 163 147 164 145 162 147 164 148 165 145 162 148 165 143 160 145 162 143 160 142 159 149 166 146 163 131 148 149 166 131 148 136 153 149 166 136 153 135 152 149 166 135 152 150 167 149 166 150 167 151 168 149 166 151 168 152 169 149 166 152 169 147 164 149 166 147 164 146 163 153 170 102 111 101 110 153 170 101 110 154 171 153 170 154 171 155 172 153 170 155 172 156 173 153 170 156 173 157 174 153 170 157 174 158 175 153 170 158 175 103 112 153 170 103 112 102 111 159 176 156 173 155 172 159 176 155 172 160 177 159 176 160 177 161 178 159 176 161 178 162 179 159 176 162 179 163 180 159 176 163 180 164 181 159 176 164 181 157 174 159 176 157 174 156 173 165 182 162 179 161 178 165 182 161 178 166 183 165 182 166 183 167 184 165 182 167 184 168 185 165 182 168 185 169 186 165 182 169 186 170 187 165 182 170 187 163 180 165 182 163 180 162 179 171 188 168 185 167 184 171 188 167 184 172 189 171 188 172 189 173 190 171 188 173 190 174 191 171 188 174 191 175 192 171 188 175 192 176 193 171 188 176 193 169 186 171 188 169 186 168 185 177 194 118 135 103 134 177 194 103 134 158 195 177 194 158 195 157 196 177 194 157 196 178 197 177 194 178 197 179 198 177 194 179 198 180 199 177 194 180 199 119 136 177 194 119 136 118 135 181 200 178 197 157 196 181 200 157 196 164 201 181 200 164 201 163 202 181 200 163 202 182 203 181 200 182 203 183 204 181 200 183 204 184 205 181 200 184 205 179 198 181 200 179 198 178 197 185 206 182 203 163 202 185 206 163 202 170 207 185 206 170 207 169 208 185 206 169 208 186 209 185 206 186 209 187 210 185 206 187 210 188 211 185 206 188 211 183 204 185 206 183 204 182 203 189 212 186 209 169 208 189 212 169 208 176 213 189 212 176 213 175 214 189 212 175 214 190 215 189 212 190 215 191 216 189 212 191 216 192 217 189 212 192 217 187 210 189 212 187 210 186 209 193 218 134 151 119 136 193 218 119 136 180 199 193 218 180 199 179 198 193 218 179 198 194 219 193 218 194 219 195 220 193 218 195 220 196 221 193 218 196 221 135 152 193 218 135 152 134 151 197 222 194 219 179 198 197 222 179 198 184 205 197 222 184 205 183 204 197 222 183 204 198 223 197 222 198 223 199 224 197 222 199 224 200 225 197 222 200 225 195 220 197 222 195 220 194 219 201 226 198 223 183 204 201 226 183 204 188 211 201 226 188 211 187 210 201 226 187 210 202 227 201 226 202 227 203 228 201 226 203 228 204 229 201 226 204 229 199 224 201 226 199 224 198 223 205 230 202 227 187 210 205 230 187 210 192 217 205 230 192 217 191 216 205 230 191 216 206 231 205 230 206 231 207 232 205 230 207 232 208 233 205 230 208 233 203 228 205 230 203 228 202 227 209 234 150 167 135 152 209 234 135 152 196 221 209 234 196 221 195 220 209 234 195 220 210 235 209 234 210 235 211 236 209 234 211 236 212 237 209 234 212 237 151 168 209 234 151 168 150 167 213 238 210 235 195 220 213 238 195 220 200 225 213 238 200 225 199 224 213 238 199 224 214 239 213 238 214 239 215 240 213 238 215 240 216 241 213 238 216 241 211 236 213 238 211 236 210 235 217 242 214 239 199 224 217 242 199 224 204 229 217 242 204 229 203 228 217 242 203 228 218 243 217 242 218 243 219 244 217 242 219 244 220 245 217 242 220 245 215 240 217 242 215 240 214 239 221 246 218 243 203 228 221 246 203 228 208 233 221 246 208 233 207 232 221 246 207 232 222 247 221 246 222 247 223 248 221 246 223 248 224 249 221 246 224 249 219 244 221 246 219 244 218 243 225 250 174 191 173 190 225 250 173 190 226 251 225 250 226 251 227 252 225 250 227 252 228 253 225 250 228 253 229 254 225 250 229 254 230 255 225 250 230 255 175 192 225 250 175 192 174 191 231 256 228 253 227 252 231 256 227 252 232 257 231 256 232 257 233 258 231 256 233 258 234 259 231 256 234 259 235 260 231 256 235 260 236 261 231 256 236 261 229 254 231 256 229 254 228 253 237 262 234 259 233 258 237 262 233 258 238 263 237 262 238 263 239 264 237 262 239 264 240 265 237 262 240 265 241 266 237 262 241 266 242 267 237 262 242 267 235 260 237 262 235 260 234 259 243 268 240 265 239 264 243 268 239 264 244 269 243 268 244 269 2 2 243 268 2 2 1 1 243 268 1 1 8 8 243 268 8 8 245 270 243 268 245 270 241 266 243 268 241 266 240 265 246 271 190 215 175 214 246 271 175 214 230 272 246 271 230 272 229 273 246 271 229 273 247 274 246 271 247 274 248 275 246 271 248 275 249 276 246 271 249 276 191 216 246 271 191 216 190 215 250 277 247 274 229 273 250 277 229 273 236 278 250 277 236 278 235 279 250 277 235 279 251 280 250 277 251 280 252 281 250 277 252 281 253 282 250 277 253 282 248 275 250 277 248 275 247 274 254 283 251 280 235 279 254 283 235 279 242 284 254 283 242 284 241 285 254 283 241 285 255 286 254 283 255 286 256 287 254 283 256 287 257 288 254 283 257 288 252 281 254 283 252 281 251 280 258 289 255 286 241 285 258 289 241 285 245 290 258 289 245 290 8 29 258 289 8 29 28 28 258 289 28 28 32 35 258 289 32 35 259 291 258 289 259 291 256 287 258 289 256 287 255 286 260 292 206 231 191 216 260 292 191 216 249 276 260 292 249 276 248 275 260 292 248 275 261 293 260 292 261 293 262 294 260 292 262 294 263 295 260 292 263 295 207 232 260 292 207 232 206 231 264 296 261 293 248 275 264 296 248 275 253 282 264 296 253 282 252 281 264 296 252 281 265 297 264 296 265 297 266 298 264 296 266 298 267 299 264 296 267 299 262 294 264 296 262 294 261 293 268 300 265 297 252 281 268 300 252 281 257 288 268 300 257 288 256 287 268 300 256 287 269 301 268 300 269 301 270 302 268 300 270 302 271 303 268 300 271 303 266 298 268 300 266 298 265 297 272 304 269 301 256 287 272 304 256 287 259 291 272 304 259 291 32 35 272 304 32 35 46 55 272 304 46 55 50 59 272 304 50 59 273 305 272 304 273 305 270 302 272 304 270 302 269 301 274 306 222 247 207 232 274 306 207 232 263 295 274 306 263 295 262 294 274 306 262 294 275 307 274 306 275 307 276 308 274 306 276 308 277 309 274 306 277 309 223 248 274 306 223 248 222 247 278 310 275 307 262 294 278 310 262 294 267 299 278 310 267 299 266 298 278 310 266 298 279 311 278 310 279 311 280 312 278 310 280 312 281 313 278 310 281 313 276 308 278 310 276 308 275 307 282 314 279 311 266 298 282 314 266 298 271 303 282 314 271 303 270 302 282 314 270 302 283 315 282 314 283 315 284 316 282 314 284 316 285 317 282 314 285 317 280 312 282 314 280 312 279 311 286 318 283 315 270 302 286 318 270 302 273 305 286 318 273 305 50 59 286 318 50 59 64 73 286 318 64 73 68 77 286 318 68 77 287 319 286 318 287 319 284 316 286 318 284 316 283 315 288 320 226 251 173 190 288 320 173 190 172 189 288 320 172 189 167 184 288 320 167 184 289 321 288 320 289 321 290 322 288 320 290 322 291 323 288 320 291 323 227 252 288 320 227 252 226 251 292 324 289 321 167 184 292 324 167 184 166 183 292 324 166 183 161 178 292 324 161 178 293 325 292 324 293 325 294 326 292 324 294 326 295 327 292 324 295 327 290 322 292 324 290 322 289 321 296 328 293 325 161 178 296 328 161 178 160 177 296 328 160 177 155 172 296 328 155 172 297 329 296 328 297 329 298 330 296 328 298 330 299 331 296 328 299 331 294 326 296 328 294 326 293 325 300 332 297 329 155 172 300 332 155 172 154 171 300 332 154 171 101 110 300 332 101 110 100 109 300 332 100 109 95 104 300 332 95 104 301 333 300 332 301 333 298 330 300 332 298 330 297 329 302 334 232 257 227 252 302 334 227 252 291 323 302 334 291 323 290 322 302 334 290 322 303 335 302 334 303 335 304 336 302 334 304 336 305 337 302 334 305 337 233 258 302 334 233 258 232 257 306 338 303 335 290 322 306 338 290 322 295 327 306 338 295 327 294 326 306 338 294 326 307 339 306 338 307 339 308 340 306 338 308 340 309 341 306 338 309 341 304 336 306 338 304 336 303 335 310 342 307 339 294 326 310 342 294 326 299 331 310 342 299 331 298 330 310 342 298 330 311 343 310 342 311 343 312 344 310 342 312 344 313 345 310 342 313 345 308 340 310 342 308 340 307 339 314 346 311 343 298 330 314 346 298 330 301 333 314 346 301 333 95 104 314 346 95 104 94 103 314 346 94 103 89 98 314 346 89 98 315 347 314 346 315 347 312 344 314 346 312 344 311 343 316 348 238 263 233 258 316 348 233 258 305 337 316 348 305 337 304 336 316 348 304 336 317 349 316 348 317 349 318 350 316 348 318 350 319 351 316 348 319 351 239 264 316 348 239 264 238 263 320 352 317 349 304 336 320 352 304 336 309 341 320 352 309 341 308 340 320 352 308 340 321 353 320 352 321 353 322 354 320 352 322 354 323 355 320 352 323 355 318 350 320 352 318 350 317 349 324 356 321 353 308 340 324 356 308 340 313 345 324 356 313 345 312 344 324 356 312 344 325 357 324 356 325 357 326 358 324 356 326 358 327 359 324 356 327 359 322 354 324 356 322 354 321 353 328 360 325 357 312 344 328 360 312 344 315 347 328 360 315 347 89 98 328 360 89 98 88 97 328 360 88 97 83 92 328 360 83 92 329 361 328 360 329 361 326 358 328 360 326 358 325 357 330 362 244 269 239 264 330 362 239 264 319 351 330 362 319 351 318 350 330 362 318 350 331 363 330 362 331 363 4 4 330 362 4 4 3 3 330 362 3 3 2 2 330 362 2 2 244 269 332 364 331 363 318 350 332 364 318 350 323 355 332 364 323 355 322 354 332 364 322 354 333 365 332 364 333 365 11 11 332 364 11 11 10 10 332 364 10 10 4 4 332 364 4 4 331 363 334 366 333 365 322 354 334 366 322 354 327 359 334 366 327 359 326 358 334 366 326 358 335 367 334 366 335 367 17 17 334 366 17 17 16 16 334 366 16 16 11 11 334 366 11 11 333 365 336 368 335 367 326 358 336 368 326 358 329 361 336 368 329 361 83 92 336 368 83 92 82 91 336 368 82 91 23 23 336 368 23 23 22 22 336 368 22 22 17 17 336 368 17 17 335 367 337 369 287 319 68 77 337 369 68 77 67 76 337 369 67 76 66 75 337 369 66 75 338 370 337 369 338 370 339 371 337 369 339 371 340 372 337 369 340 372 284 316 337 369 284 316 287 319 341 373 338 370 66 75 341 373 66 75 72 81 341 373 72 81 71 80 341 373 71 80 342 374 341 373 342 374 343 375 341 373 343 375 344 376 341 373 344 376 339 371 341 373 339 371 338 370 345 377 342 374 71 80 345 377 71 80 76 85 345 377 76 85 75 84 345 377 75 84 346 378 345 377 346 378 347 379 345 377 347 379 348 380 345 377 348 380 343 375 345 377 343 375 342 374 349 381 346 378 75 84 349 381 75 84 80 89 349 381 80 89 79 88 349 381 79 88 140 157 349 381 140 157 139 156 349 381 139 156 350 382 349 381 350 382 347 379 349 381 347 379 346 378 351 383 285 317 284 316 351 383 284 316 340 372 351 383 340 372 339 371 351 383 339 371 352 384 351 383 352 384 353 385 351 383 353 385 354 386 351 383 354 386 280 312 351 383 280 312 285 317 355 387 352 384 339 371 355 387 339 371 344 376 355 387 344 376 343 375 355 387 343 375 356 388 355 387 356 388 357 389 355 387 357 389 358 390 355 387 358 390 353 385 355 387 353 385 352 384 359 391 356 388 343 375 359 391 343 375 348 380 359 391 348 380 347 379 359 391 347 379 360 392 359 391 360 392 361 393 359 391 361 393 362 394 359 391 362 394 357 389 359 391 357 389 356 388 363 395 360 392 347 379 363 395 347 379 350 382 363 395 350 382 139 156 363 395 139 156 144 161 363 395 144 161 143 160 363 395 143 160 364 396 363 395 364 396 361 393 363 395 361 393 360 392 365 397 281 313 280 312 365 397 280 312 354 386 365 397 354 386 353 385 365 397 353 385 366 398 365 397 366 398 367 399 365 397 367 399 368 400 365 397 368 400 276 308 365 397 276 308 281 313 369 401 366 398 353 385 369 401 353 385 358 390 369 401 358 390 357 389 369 401 357 389 370 402 369 401 370 402 371 403 369 401 371 403 372 404 369 401 372 404 367 399 369 401 367 399 366 398 373 405 370 402 357 389 373 405 357 389 362 394 373 405 362 394 361 393 373 405 361 393 374 406 373 405 374 406 375 407 373 405 375 407 376 408 373 405 376 408 371 403 373 405 371 403 370 402 377 409 374 406 361 393 377 409 361 393 364 396 377 409 364 396 143 160 377 409 143 160 148 165 377 409 148 165 147 164 377 409 147 164 378 410 377 409 378 410 375 407 377 409 375 407 374 406 379 411 277 309 276 308 379 411 276 308 368 400 379 411 368 400 367 399 379 411 367 399 380 412 379 411 380 412 219 244 379 411 219 244 224 249 379 411 224 249 223 248 379 411 223 248 277 309 381 413 380 412 367 399 381 413 367 399 372 404 381 413 372 404 371 403 381 413 371 403 382 414 381 413 382 414 215 240 381 413 215 240 220 245 381 413 220 245 219 244 381 413 219 244 380 412 383 415 382 414 371 403 383 415 371 403 376 408 383 415 376 408 375 407 383 415 375 407 384 416 383 415 384 416 211 236 383 415 211 236 216 241 383 415 216 241 215 240 383 415 215 240 382 414 385 417 384 416 375 407 385 417 375 407 378 410 385 417 378 410 147 164 385 417 147 164 152 169 385 417 152 169 151 168 385 417 151 168 212 237 385 417 212 237 211 236 385 417 211 236 384 416</p>
                </triangles>
            </mesh>
        </geometry>
        <geometry id="NODE7-lib" name="NODE7Mesh">
            <mesh>
                <source id="NODE7-lib-positions">
                    <float_array id="NODE7-lib-positions-array" count="1158">0.469948 0.702085 0.0244115 0.60628 0.606278 0.0274634 0.557369 0.557339 0.0175282 0.451542 0.606594 0.0135028 0.301073 0.65041 0.00856486 0.3134 0.763831 0.0186011 0.325671 0.822278 0.0360936 0.486262 0.742077 0.0448697 0.630053 0.630164 0.0497942 0.156697 0.798775 0.0171992 0.150553 0.675579 0.00613313 2.84848e-06 0.683494 0.00592801 1.06338e-05 0.80954 0.0170269 -6.2793e-05 0.8753 0.0366969 0.164168 0.872358 0.0269399 -0.156621 0.798629 0.0175655 -0.150546 0.675554 0.00662873 -0.301086 0.65042 0.00852426 -0.313376 0.763642 0.0194649 -0.325821 0.818508 0.0375714 -0.161516 0.860828 0.0358946 -0.470209 0.702126 0.0227321 -0.45162 0.606679 0.0126713 -0.55736 0.55739 0.0171204 -0.604742 0.604561 0.0312796 -0.616062 0.617687 0.0494247 -0.491062 0.748338 0.0393326 0.484359 0.745656 0.0664492 0.63315 0.633327 0.0689929 0.322157 0.825958 0.0625048 0.318756 0.820677 0.0991966 0.477344 0.7366 0.0999637 0.628112 0.630135 0.100174 0.162234 0.882731 0.0675528 0.000227102 0.881966 0.0594857 -6.12511e-05 0.875815 0.0994513 0.158929 0.868366 0.0990245 -0.159268 0.864239 0.0590625 -0.322207 0.824683 0.063025 -0.318843 0.825594 0.0967603 -0.157753 0.858616 0.0996 -0.487488 0.750354 0.0675858 -0.61568 0.617785 0.0647712 -0.618405 0.618195 0.0980835 -0.48612 0.749164 0.0962786 0.477365 0.736815 0.126887 0.63289 0.63321 0.125596 0.321387 0.82432 0.132563 0.321925 0.814872 0.156243 0.477024 0.729456 0.14371 0.633098 0.631425 0.148662 0.161487 0.873782 0.135038 -3.90737e-05 0.880889 0.135162 0.000153086 0.870661 0.161334 0.162713 0.860944 0.161853 -0.159461 0.861545 0.13442 -0.324178 0.832473 0.132996 -0.326723 0.821071 0.159947 -0.160969 0.853885 0.159492 -0.490083 0.754 0.128496 -0.618482 0.622086 0.121268 -0.611687 0.622254 0.132905 -0.490007 0.747113 0.154623 0.467716 0.698219 0.181831 0.608072 0.608675 0.184875 0.313191 0.763366 0.197332 0.300983 0.650229 0.231404 0.451783 0.606897 0.218183 0.558668 0.558825 0.21109 0.15662 0.798209 0.202696 4.36623e-05 0.808236 0.202388 6.32554e-06 0.682651 0.239643 0.150442 0.674988 0.238014 -0.156289 0.796947 0.199841 -0.313388 0.763577 0.197692 -0.300869 0.649967 0.230248 -0.150364 0.674764 0.237402 -0.470525 0.7025 0.188514 -0.594446 0.598918 0.166131 -0.556199 0.556423 0.200823 -0.451444 0.606505 0.216436 -0.701264 0.469441 0.0266696 -0.60661 0.451561 0.0132259 -0.650453 0.301096 0.00829942 -0.763561 0.313299 0.0195642 -0.825054 0.326744 0.0352743 -0.736784 0.480393 0.0479117 -0.797865 0.156679 0.0194371 -0.675569 0.150554 0.00688918 -0.683479 -2.99646e-06 0.0065592 -0.808165 3.28765e-05 0.0202347 -0.865964 -0.00124444 0.0448434 -0.843363 0.16521 0.0461965 -0.798289 -0.156749 0.0185792 -0.67558 -0.150553 0.00660737 -0.650451 -0.301096 0.00833851 -0.763644 -0.3133 0.0189058 -0.825259 -0.327944 0.0363428 -0.85377 -0.163095 0.041365 -0.702218 -0.470079 0.0240284 -0.60662 -0.451563 0.0130473 -0.55732 -0.557332 0.0177137 -0.605001 -0.60511 0.0307692 -0.622134 -0.620705 0.0503286 -0.751935 -0.493663 0.0364789 -0.740124 0.479697 0.0653286 -0.834241 0.325729 0.063938 -0.832715 0.32207 0.0965772 -0.736718 0.478169 0.0980101 -0.84897 0.162764 0.0622457 -0.870764 -0.00186136 0.0587894 -0.851487 -0.00143798 0.102053 -0.848472 0.157945 0.102354 -0.858146 -0.160749 0.0599133 -0.837175 -0.325085 0.0647548 -0.828427 -0.321639 0.0996978 -0.855856 -0.157905 0.100326 -0.750931 -0.489149 0.0719252 -0.621257 -0.621025 0.0648537 -0.613307 -0.61327 0.09914 -0.739989 -0.481367 0.0982794 -0.739623 0.479246 0.127522 -0.839418 0.327353 0.133621 -0.82452 0.326771 0.161856 -0.732912 0.477871 0.143614 -0.85412 0.162257 0.132904 -0.85866 -0.00257011 0.134259 -0.85263 -0.001632 0.153061 -0.846323 0.164953 0.154932 -0.863988 -0.161948 0.133239 -0.833009 -0.325252 0.132552 -0.822781 -0.326516 0.161117 -0.852691 -0.163069 0.156249 -0.747992 -0.486243 0.128683 -0.620046 -0.61945 0.130291 -0.621182 -0.619474 0.145917 -0.741368 -0.48428 0.149561 -0.697809 0.466504 0.178677 -0.763704 0.313359 0.197807 -0.649759 0.300724 0.229372 -0.6056 0.450659 0.212998 -0.795569 0.156664 0.196923 -0.804378 -0.000276969 0.195921 -0.682254 -9.1466e-06 0.238468 -0.674492 0.150318 0.236388 -0.797205 -0.156706 0.200539 -0.764052 -0.313533 0.198974 -0.649869 -0.300815 0.229816 -0.67472 -0.150359 0.236897 -0.700945 -0.469085 0.184092 -0.602753 -0.602857 0.171803 -0.556398 -0.556406 0.20071 -0.605857 -0.450834 0.213755 -0.470104 -0.701935 0.0244719 -0.451575 -0.606619 0.0130488 -0.301081 -0.650431 0.00856735 -0.313095 -0.763298 0.0207138 -0.321886 -0.816622 0.0412502 -0.480207 -0.731349 0.04447 -0.156658 -0.798791 0.015855 -0.150554 -0.6756 0.00631968 6.96483e-07 -0.683513 0.00579181 3.55118e-05 -0.80967 0.0151431 0.000123626 -0.880911 0.0327766 -0.164001 -0.868928 0.0323113 0.156689 -0.798897 0.0152144 0.150554 -0.675603 0.00618669 0.301086 -0.650453 0.0083467 0.313275 -0.763656 0.0186768 0.327181 -0.825704 0.0354372 0.164204 -0.871651 0.0292175 0.470044 -0.701802 0.0247891 0.451572 -0.606603 0.0133741 0.55753 -0.557527 0.0156923 0.606758 -0.606756 0.0244506 0.631688 -0.631463 0.0440936 0.486591 -0.73935 0.0423239 -0.476525 -0.732657 0.0628939 -0.318277 -0.821029 0.0608034 -0.315222 -0.812079 0.0996238 -0.471592 -0.727748 0.099717 -0.16183 -0.879645 0.0612894 -4.7632e-05 -0.889517 0.0605833 -0.000857028 -0.881315 0.0983056 -0.158855 -0.876429 0.099186 0.163618 -0.895532 0.0777125 0.327648 -0.83728 0.0641845 0.326035 -0.833163 0.0978877 0.160877 -0.884487 0.100036 0.48079 -0.739872 0.0636708 0.629478 -0.629223 0.0680274 0.623118 -0.62418 0.0992831 0.475047 -0.733163 0.0992277 -0.477666 -0.732047 0.128885 -0.316067 -0.81848 0.131077 -0.314663 -0.809512 0.151715 -0.479698 -0.727004 0.145435 -0.162028 -0.878879 0.13554 2.83134e-05 -0.881994 0.133946 -0.000244326 -0.868736 0.159341 -0.163459 -0.866649 0.165719 0.162292 -0.884561 0.13771 0.328244 -0.838693 0.132286 0.327589 -0.826401 0.163457 0.163944 -0.86732 0.165634 0.476942 -0.735399 0.128186 0.626888 -0.626354 0.126802 0.626091 -0.623786 0.143683 0.478056 -0.730097 0.146887 -0.467263 -0.69725 0.178565 -0.311187 -0.760161 0.190964 -0.300453 -0.649208 0.227483 -0.450652 -0.605437 0.212706 -0.156717 -0.798898 0.204557 5.09111e-05 -0.808529 0.203451 -3.19727e-05 -0.682745 0.239736 -0.15029 -0.674725 0.23691 0.156702 -0.798917 0.204595 0.313197 -0.763499 0.197306 0.300738 -0.649873 0.229647 0.150425 -0.67498 0.237868 0.467193 -0.698431 0.178958 0.603742 -0.603283 0.17306 0.55664 -0.55653 0.201643 0.450684 -0.605545 0.212859 0.702622 -0.470641 0.0176739 0.606761 -0.451691 0.0114783 0.650476 -0.301111 0.00786372 0.764117 -0.313572 0.0153568 0.830657 -0.328626 0.0261218 0.753838 -0.494233 0.0274459 0.799075 -0.156725 0.014506 0.675601 -0.150557 0.00631551 0.683515 -1.27527e-06 0.00604026 0.810193 1.95193e-05 0.0120027 0.885011 3.81757e-05 0.0283166 0.868556 -0.164158 0.0336278 0.79923 0.156733 0.0133023 0.675574 0.150539 0.00703758 0.650388 0.301037 0.00970301 0.763829 0.313379 0.0175623 0.822454 0.32488 0.0395637 0.869737 0.163756 0.0322915 0.701822 0.470017 0.0237815 0.606673 0.451618 0.0132641 0.746092 0.489486 0.0421507 0.763032 -0.499123 0.0786027 0.843388 -0.327873 0.0681859 0.83876 -0.323059 0.0971839 0.758544 -0.495045 0.0997064 0.882197 -0.16225 0.0630049 0.903348 -0.00237019 0.0701701 0.892376 -0.000489997 0.0980103 0.872023 -0.159878 0.0990641 0.891401 0.167023 0.0530518 0.834548 0.326412 0.0637107 0.822516 0.319881 0.10072 0.878184 0.161055 0.102695 0.74968 0.48655 0.0680921 0.744446 0.480425 0.0983082 0.761559 -0.496184 0.130438 0.846633 -0.328928 0.129155 0.828392 -0.328524 0.165628 0.749388 -0.491489 0.155757 0.877907 -0.161989 0.135679 0.892261 -8.53934e-05 0.137278 0.875846 0.000288526 0.163282 0.863525 -0.163172 0.1625 0.878836 0.16234 0.13633 0.825874 0.322126 0.133056 0.817918 0.32386 0.157365 0.862763 0.162217 0.160833 0.747724 0.485527 0.128631 0.741175 0.48752 0.152042 0.702056 -0.470118 0.187065 0.764002 -0.313518 0.198869 0.650408 -0.301078 0.232018 0.606401 -0.451325 0.215955 0.798171 -0.156593 0.20269 0.808895 -2.30571e-05 0.204163 0.682709 -2.48653e-05 0.239451 0.675038 -0.150432 0.237968 0.797756 0.156567 0.201753 0.76252 0.312823 0.195677 0.650305 0.301023 0.231523 0.674962 0.15045 0.237673 0.702497 0.470467 0.188377 0.60739 0.452153 0.220359 0.470354 -0.470354 0.00748271 0.313582 -0.501228 0.00570615 0.334157 -0.334156 0.00560831 0.501229 -0.313583 0.00547276 0.156793 -0.519045 0.005168 5.51125e-07 -0.524691 0.00517846 -9.87272e-08 -0.349787 0.00672984 0.167077 -0.346027 0.0062429 -0.156794 -0.519046 0.00521657 -0.313583 -0.501228 0.00556281 -0.334157 -0.334157 0.00572955 -0.167078 -0.346028 0.0063523 -0.470356 -0.470355 0.00748293 -0.501226 -0.313583 0.00570724 0.519042 -0.156793 0.00501857 0.346027 -0.167077 0.00626003 0.349786 -9.47596e-09 0.00671528 0.524687 1.12117e-07 0.00494849 0.173012 -0.173012 0.00790478 -3.21597e-08 -0.174892 0.0086398 3.94123e-07 2.42231e-07 0.0094674 0.174891 4.14325e-08 0.00864414 -0.173012 -0.173012 0.00789952 -0.346029 -0.167078 0.00639471 -0.349787 -4.80766e-08 0.00677057 -0.174891 -4.30764e-08 0.00859142 -0.519042 -0.156793 0.00528978 -0.524686 3.70296e-07 0.00512992 0.519039 0.156791 0.00506128 0.346027 0.167077 0.00621063 0.334155 0.334154 0.0056289 0.501219 0.313576 0.00609584 0.173011 0.173011 0.00786575 6.38772e-08 0.174891 0.00859905 -1.12208e-07 0.349787 0.00671965 0.167077 0.346027 0.00621497 -0.173012 0.173012 0.00787327 -0.346028 0.167078 0.00630547 -0.334156 0.334156 0.00518927 -0.167078 0.346028 0.00629443 -0.519035 0.156792 0.00524352 -0.50122 0.313585 0.00557394 0.470319 0.470322 0.00829304 0.313581 0.501231 0.00563534 0.156793 0.519045 0.00485933 1.31426e-07 0.524689 0.00481008 -0.156795 0.519043 0.0046797 -0.313584 0.501226 0.00508714 -0.470353 0.470352 0.00743975 0.470166 0.470156 0.241795 0.312975 0.500388 0.256452 0.333348 0.333351 0.277103 0.500249 0.31296 0.256021 0.156502 0.51805 0.265392 -6.37351e-05 0.523879 0.268922 -1.29992e-05 0.349433 0.292048 0.16683 0.34549 0.28869 -0.156635 0.518392 0.267754 -0.313189 0.500636 0.258953 -0.3336 0.333624 0.278986 -0.166909 0.345623 0.289921 -0.469668 0.469726 0.239996 -0.500619 0.313182 0.258905 0.518108 0.156433 0.266006 0.34547 0.166814 0.288459 0.349433 -5.03345e-07 0.292036 0.52405 -1.63722e-05 0.27047 0.172963 0.172964 0.299798 -1.57643e-06 0.174864 0.301296 3.17931e-09 -9.13233e-09 0.302993 0.174854 1.00523e-06 0.300946 -0.172937 0.172932 0.299324 -0.345599 0.166904 0.28956 -0.349477 -2.25109e-06 0.292076 -0.174854 -9.73881e-07 0.30124 -0.518493 0.156633 0.268572 -0.524198 3.73284e-07 0.271183 0.518344 -0.156586 0.267835 0.345573 -0.166901 0.28936 0.333567 -0.333551 0.278552 0.500428 -0.31309 0.257803 0.172953 -0.172954 0.299664 -6.87793e-07 -0.17486 0.301198 6.79797e-07 -0.349522 0.292584 0.166919 -0.345669 0.290022 -0.172929 -0.172927 0.299207 -0.345684 -0.166935 0.289964 -0.333689 -0.333692 0.279909 -0.166913 -0.345643 0.289808 -0.518469 -0.156613 0.268375 -0.500579 -0.313139 0.258495 0.469604 -0.469569 0.239162 0.313143 -0.500551 0.258547 0.156595 -0.518363 0.267683 -6.09559e-06 -0.524069 0.270546 -0.1566 -0.518356 0.268042 -0.313075 -0.500434 0.257964 -0.469689 -0.469687 0.239789</float_array>
                    <technique_common>
                        <accessor count="386" source="#NODE7-lib-positions-array" stride="3">
                            <param name="X" type="float" />
                            <param name="Y" type="float" />
                            <param name="Z" type="float" />
                        </accessor>
                    </technique_common>
                </source>
                <source id="NODE7-lib-uv">
                    <float_array id="NODE7-lib-uv-array" count="836">0.57641 0.520527 0.537604 0.551957 0.557947 0.569404 0.589476 0.550809 0.630383 0.535106 0.620746 0.498845 0.611871 0.47627 0.565177 0.503862 0.524418 0.54059 0.665361 0.484507 0.671942 0.5245 0.713947 0.518965 0.710847 0.478839 0.70902 0.45222 0.659541 0.457577 0.756862 0.478306 0.756461 0.518269 0.799211 0.521935 0.803351 0.484602 0.808508 0.461747 0.758006 0.452886 0.84993 0.498398 0.841976 0.530496 0.875956 0.544189 0.893166 0.52425 0.901343 0.514393 0.859877 0.479095 0.022164 0.37513 0.0167695 0.314092 0.00740057 0.314006 0.0117362 0.375471 0.0253037 0.435799 0.0369451 0.433118 0.0510414 0.427918 0.0363046 0.373237 0.0293561 0.314747 0.0626447 0.481823 0.0486806 0.48995 0.0878948 0.531842 0.0960904 0.52365 0.107873 0.512451 0.0751209 0.474287 0.136207 0.558756 0.130588 0.568498 0.180902 0.597995 0.184006 0.586598 0.188741 0.573371 0.145817 0.545114 0.239681 0.604997 0.238752 0.617106 0.300197 0.618522 0.300121 0.610416 0.300994 0.597001 0.241713 0.593011 0.0482938 0.371287 0.0409712 0.314539 0.064666 0.422029 0.075719 0.41625 0.0578068 0.368208 0.0520085 0.314406 0.087722 0.465358 0.118683 0.50175 0.128288 0.492319 0.098832 0.456921 0.155024 0.533045 0.196036 0.560058 0.20327 0.548752 0.163344 0.523 0.2447 0.579395 0.300133 0.586115 0.298706 0.578511 0.248685 0.567379 0.076838 0.362428 0.0703435 0.315452 0.0963074 0.404719 0.126006 0.384843 0.105986 0.349048 0.0962315 0.316178 0.119916 0.441566 0.147084 0.474426 0.174982 0.447744 0.149345 0.417567 0.178865 0.503262 0.21495 0.527192 0.236053 0.498667 0.204056 0.474504 0.255596 0.547573 0.300776 0.56045 0.302565 0.535086 0.270909 0.520759 0.924795 0.562867 0.894588 0.575702 0.910305 0.616402 0.94694 0.606499 0.970042 0.597525 0.94043 0.55282 0.958899 0.651499 0.920024 0.658102 0.926319 0.700222 0.966391 0.697055 0.991233 0.695195 0.980858 0.645573 0.967067 0.743041 0.927188 0.742668 0.923963 0.785346 0.961453 0.789198 0.986046 0.794546 0.991233 0.744226 0.947838 0.835978 0.915539 0.82803 0.901768 0.861914 0.921803 0.879236 0.932821 0.888625 0.967864 0.84628 0.361639 0.605936 0.362087 0.614979 0.421576 0.60448 0.417821 0.59219 0.413941 0.579163 0.359229 0.592473 0.465211 0.565672 0.469177 0.574001 0.514893 0.538083 0.509157 0.531671 0.496288 0.518457 0.457917 0.551147 0.545146 0.492247 0.553586 0.49738 0.586061 0.449614 0.573715 0.445667 0.560698 0.43984 0.531633 0.483378 0.592611 0.38892 0.606589 0.390638 0.606589 0.328372 0.598774 0.328282 0.584699 0.327955 0.580187 0.386182 0.357646 0.579723 0.407338 0.565064 0.401196 0.552693 0.35496 0.570496 0.448969 0.540276 0.486613 0.507545 0.479001 0.499876 0.441361 0.530734 0.520751 0.473464 0.548314 0.43308 0.536445 0.426159 0.511106 0.465205 0.566354 0.383676 0.57134 0.32835 0.562504 0.328487 0.555636 0.380757 0.348869 0.552069 0.390667 0.531387 0.371188 0.502613 0.335436 0.52386 0.428445 0.51001 0.461593 0.482072 0.435127 0.454444 0.404716 0.47987 0.491048 0.450447 0.514909 0.414324 0.486301 0.393297 0.462046 0.425351 0.536064 0.373952 0.547146 0.327581 0.521278 0.326587 0.508359 0.358642 0.883326 0.910372 0.870086 0.880351 0.829196 0.896262 0.838881 0.93234 0.847087 0.953974 0.892591 0.924622 0.794174 0.946521 0.787523 0.906948 0.745581 0.913131 0.748985 0.953647 0.75142 0.980989 0.800552 0.973177 0.70322 0.954234 0.703163 0.91402 0.660273 0.910449 0.656849 0.947826 0.651357 0.972477 0.70172 0.982031 0.609209 0.933354 0.617217 0.901428 0.582935 0.888128 0.565615 0.908692 0.554578 0.922076 0.600972 0.950789 0.593123 0.26785 0.602593 0.267665 0.587377 0.208302 0.57747 0.210144 0.563119 0.216063 0.578185 0.269781 0.55397 0.161157 0.566018 0.155598 0.531223 0.110333 0.52146 0.118504 0.509643 0.129518 0.540539 0.168296 0.480173 0.0844407 0.490864 0.068125 0.43752 0.0416722 0.433719 0.0540047 0.427694 0.0666555 0.473569 0.0942556 0.376367 0.0362976 0.376717 0.0258451 0.314773 0.0177006 0.314137 0.0283934 0.314355 0.0413741 0.373389 0.0506782 0.565368 0.272609 0.549929 0.220275 0.539317 0.225241 0.556454 0.275539 0.527671 0.177045 0.498176 0.139476 0.488052 0.148829 0.515951 0.185436 0.463636 0.106443 0.421486 0.0802255 0.41444 0.0929376 0.453834 0.117626 0.370762 0.0632646 0.313018 0.0533921 0.312328 0.0626734 0.367155 0.0730218 0.538547 0.280131 0.519696 0.237283 0.490172 0.25732 0.510347 0.293561 0.495098 0.20058 0.468297 0.16753 0.440477 0.194105 0.466285 0.224553 0.437377 0.13856 0.401527 0.113826 0.379876 0.14151 0.411663 0.16674 0.360404 0.0904498 0.312629 0.0798613 0.312495 0.106072 0.34512 0.118433 0.533476 0.869696 0.563957 0.856659 0.548472 0.815626 0.512068 0.825307 0.487854 0.834696 0.515032 0.882817 0.49863 0.780288 0.538192 0.773833 0.532244 0.731719 0.491688 0.734778 0.463508 0.736851 0.471973 0.786081 0.491589 0.68892 0.531688 0.689228 0.535501 0.646369 0.498241 0.642419 0.474189 0.63734 0.4641 0.687132 0.512503 0.595298 0.544403 0.603432 0.493445 0.586025 0.253083 0.0321509 0.250897 0.0144221 0.18944 0.0314172 0.193979 0.0469136 0.197954 0.0591534 0.254192 0.0425528 0.144569 0.0740588 0.138418 0.0619779 0.0918039 0.097006 0.104762 0.109123 0.114275 0.119009 0.153378 0.0866797 0.0668014 0.148249 0.0554481 0.141648 0.0305257 0.193753 0.042053 0.197312 0.0564821 0.203226 0.0825079 0.15825 0.0238367 0.25359 0.0122098 0.252893 0.036825 0.255361 0.256062 0.056133 0.204571 0.0716878 0.212276 0.0864869 0.259122 0.0687296 0.162679 0.0992513 0.125728 0.130311 0.135756 0.140521 0.171642 0.11024 0.0943755 0.166787 0.0692725 0.209369 0.0799951 0.215787 0.105159 0.175341 0.0496046 0.259001 0.060614 0.263066 0.265352 0.0896511 0.223907 0.109054 0.244055 0.138569 0.279749 0.117835 0.187133 0.132014 0.154394 0.159647 0.181104 0.187497 0.211211 0.161747 0.125838 0.191708 0.100961 0.227808 0.129873 0.248778 0.154286 0.216799 0.0805566 0.269156 0.108597 0.283941 0.608971 0.857424 0.654041 0.864283 0.644133 0.816215 0.595024 0.814217 0.698069 0.866278 0.741512 0.864678 0.737321 0.813934 0.691101 0.816447 0.784631 0.859106 0.827726 0.849885 0.829665 0.801065 0.783328 0.808872 0.871152 0.835903 0.877807 0.791275 0.586076 0.771088 0.636402 0.769922 0.631515 0.723909 0.580715 0.727921 0.685294 0.767869 0.73332 0.764562 0.729407 0.716053 0.680893 0.719938 0.781238 0.76008 0.829797 0.754256 0.827305 0.70812 0.777934 0.712131 0.879607 0.747446 0.878003 0.70406 0.579367 0.68446 0.629187 0.677674 0.629562 0.630706 0.581543 0.640447 0.677708 0.671892 0.725569 0.667496 0.721712 0.618079 0.675794 0.622973 0.773542 0.664229 0.822333 0.662163 0.814734 0.615939 0.767858 0.615696 0.872474 0.660913 0.86369 0.617893 0.588477 0.595547 0.631693 0.581643 0.674691 0.572589 0.717724 0.567316 0.761144 0.565896 0.805085 0.567927 0.849851 0.574682 0.134594 0.317123 0.156323 0.353256 0.1859 0.318039 0.158431 0.281694 0.181142 0.385897 0.207953 0.416333 0.242237 0.38371 0.213299 0.351826 0.237282 0.444366 0.269047 0.470793 0.305263 0.443563 0.272781 0.414156 0.304029 0.495536 0.339995 0.473027 0.184633 0.249826 0.215 0.285301 0.24531 0.25457 0.212636 0.220364 0.24501 0.319234 0.275487 0.351985 0.308173 0.320677 0.276985 0.287837 0.306702 0.384115 0.339118 0.415955 0.371045 0.386988 0.339371 0.353578 0.373053 0.448067 0.403674 0.421378 0.243076 0.193408 0.277125 0.225359 0.310851 0.197442 0.275884 0.168193 0.309575 0.257149 0.340792 0.289404 0.373853 0.257728 0.343318 0.226926 0.371339 0.322316 0.401457 0.356403 0.430652 0.323829 0.402965 0.289874 0.431755 0.392059 0.458122 0.360278 0.311986 0.1453 0.346982 0.169624 0.378574 0.196616 0.407818 0.22527 0.434894 0.256038 0.46006 0.288889 0.482319 0.32526</float_array>
                    <technique_common>
                        <accessor count="418" source="#NODE7-lib-uv-array" stride="2">
                            <param name="S" type="float" />
                            <param name="T" type="float" />
                        </accessor>
                    </technique_common>
                </source>
                <vertices id="NODE7-lib-vertices">
                    <input semantic="POSITION" source="#NODE7-lib-positions" />
                </vertices>
                <triangles count="768" material="MAT0">
                    <input offset="0" semantic="VERTEX" source="#NODE7-lib-vertices" set="0" />
                    <input offset="1" semantic="TEXCOORD" source="#NODE7-lib-uv" set="0" />
                    <p>0 0 1 1 2 2 0 0 2 2 3 3 0 0 3 3 4 4 0 0 4 4 5 5 0 0 5 5 6 6 0 0 6 6 7 7 0 0 7 7 8 8 0 0 8 8 1 1 9 9 5 5 4 4 9 9 4 4 10 10 9 9 10 10 11 11 9 9 11 11 12 12 9 9 12 12 13 13 9 9 13 13 14 14 9 9 14 14 6 6 9 9 6 6 5 5 15 15 12 12 11 11 15 15 11 11 16 16 15 15 16 16 17 17 15 15 17 17 18 18 15 15 18 18 19 19 15 15 19 19 20 20 15 15 20 20 13 13 15 15 13 13 12 12 21 21 18 18 17 17 21 21 17 17 22 22 21 21 22 22 23 23 21 21 23 23 24 24 21 21 24 24 25 25 21 21 25 25 26 26 21 21 26 26 19 19 21 21 19 19 18 18 27 27 28 28 8 29 27 27 8 29 7 30 27 27 7 30 6 31 27 27 6 31 29 32 27 27 29 32 30 33 27 27 30 33 31 34 27 27 31 34 32 35 27 27 32 35 28 28 33 36 29 32 6 31 33 36 6 31 14 37 33 36 14 37 13 38 33 36 13 38 34 39 33 36 34 39 35 40 33 36 35 40 36 41 33 36 36 41 30 33 33 36 30 33 29 32 37 42 34 39 13 38 37 42 13 38 20 43 37 42 20 43 19 44 37 42 19 44 38 45 37 42 38 45 39 46 37 42 39 46 40 47 37 42 40 47 35 40 37 42 35 40 34 39 41 48 38 45 19 44 41 48 19 44 26 49 41 48 26 49 25 50 41 48 25 50 42 51 41 48 42 51 43 52 41 48 43 52 44 53 41 48 44 53 39 46 41 48 39 46 38 45 45 54 46 55 32 35 45 54 32 35 31 34 45 54 31 34 30 33 45 54 30 33 47 56 45 54 47 56 48 57 45 54 48 57 49 58 45 54 49 58 50 59 45 54 50 59 46 55 51 60 47 56 30 33 51 60 30 33 36 41 51 60 36 41 35 40 51 60 35 40 52 61 51 60 52 61 53 62 51 60 53 62 54 63 51 60 54 63 48 57 51 60 48 57 47 56 55 64 52 61 35 40 55 64 35 40 40 47 55 64 40 47 39 46 55 64 39 46 56 65 55 64 56 65 57 66 55 64 57 66 58 67 55 64 58 67 53 62 55 64 53 62 52 61 59 68 56 65 39 46 59 68 39 46 44 53 59 68 44 53 43 52 59 68 43 52 60 69 59 68 60 69 61 70 59 68 61 70 62 71 59 68 62 71 57 66 59 68 57 66 56 65 63 72 64 73 50 59 63 72 50 59 49 58 63 72 49 58 48 57 63 72 48 57 65 74 63 72 65 74 66 75 63 72 66 75 67 76 63 72 67 76 68 77 63 72 68 77 64 73 69 78 65 74 48 57 69 78 48 57 54 63 69 78 54 63 53 62 69 78 53 62 70 79 69 78 70 79 71 80 69 78 71 80 72 81 69 78 72 81 66 75 69 78 66 75 65 74 73 82 70 79 53 62 73 82 53 62 58 67 73 82 58 67 57 66 73 82 57 66 74 83 73 82 74 83 75 84 73 82 75 84 76 85 73 82 76 85 71 80 73 82 71 80 70 79 77 86 74 83 57 66 77 86 57 66 62 71 77 86 62 71 61 70 77 86 61 70 78 87 77 86 78 87 79 88 77 86 79 88 80 89 77 86 80 89 75 84 77 86 75 84 74 83 81 90 24 24 23 23 81 90 23 23 82 91 81 90 82 91 83 92 81 90 83 92 84 93 81 90 84 93 85 94 81 90 85 94 86 95 81 90 86 95 25 25 81 90 25 25 24 24 87 96 84 93 83 92 87 96 83 92 88 97 87 96 88 97 89 98 87 96 89 98 90 99 87 96 90 99 91 100 87 96 91 100 92 101 87 96 92 101 85 94 87 96 85 94 84 93 93 102 90 99 89 98 93 102 89 98 94 103 93 102 94 103 95 104 93 102 95 104 96 105 93 102 96 105 97 106 93 102 97 106 98 107 93 102 98 107 91 100 93 102 91 100 90 99 99 108 96 105 95 104 99 108 95 104 100 109 99 108 100 109 101 110 99 108 101 110 102 111 99 108 102 111 103 112 99 108 103 112 104 113 99 108 104 113 97 106 99 108 97 106 96 105 105 114 42 51 25 50 105 114 25 50 86 115 105 114 86 115 85 116 105 114 85 116 106 117 105 114 106 117 107 118 105 114 107 118 108 119 105 114 108 119 43 52 105 114 43 52 42 51 109 120 106 117 85 116 109 120 85 116 92 121 109 120 92 121 91 122 109 120 91 122 110 123 109 120 110 123 111 124 109 120 111 124 112 125 109 120 112 125 107 118 109 120 107 118 106 117 113 126 110 123 91 122 113 126 91 122 98 127 113 126 98 127 97 128 113 126 97 128 114 129 113 126 114 129 115 130 113 126 115 130 116 131 113 126 116 131 111 124 113 126 111 124 110 123 117 132 114 129 97 128 117 132 97 128 104 133 117 132 104 133 103 134 117 132 103 134 118 135 117 132 118 135 119 136 117 132 119 136 120 137 117 132 120 137 115 130 117 132 115 130 114 129 121 138 60 69 43 52 121 138 43 52 108 119 121 138 108 119 107 118 121 138 107 118 122 139 121 138 122 139 123 140 121 138 123 140 124 141 121 138 124 141 61 70 121 138 61 70 60 69 125 142 122 139 107 118 125 142 107 118 112 125 125 142 112 125 111 124 125 142 111 124 126 143 125 142 126 143 127 144 125 142 127 144 128 145 125 142 128 145 123 140 125 142 123 140 122 139 129 146 126 143 111 124 129 146 111 124 116 131 129 146 116 131 115 130 129 146 115 130 130 147 129 146 130 147 131 148 129 146 131 148 132 149 129 146 132 149 127 144 129 146 127 144 126 143 133 150 130 147 115 130 133 150 115 130 120 137 133 150 120 137 119 136 133 150 119 136 134 151 133 150 134 151 135 152 133 150 135 152 136 153 133 150 136 153 131 148 133 150 131 148 130 147 137 154 78 87 61 70 137 154 61 70 124 141 137 154 124 141 123 140 137 154 123 140 138 155 137 154 138 155 139 156 137 154 139 156 140 157 137 154 140 157 79 88 137 154 79 88 78 87 141 158 138 155 123 140 141 158 123 140 128 145 141 158 128 145 127 144 141 158 127 144 142 159 141 158 142 159 143 160 141 158 143 160 144 161 141 158 144 161 139 156 141 158 139 156 138 155 145 162 142 159 127 144 145 162 127 144 132 149 145 162 132 149 131 148 145 162 131 148 146 163 145 162 146 163 147 164 145 162 147 164 148 165 145 162 148 165 143 160 145 162 143 160 142 159 149 166 146 163 131 148 149 166 131 148 136 153 149 166 136 153 135 152 149 166 135 152 150 167 149 166 150 167 151 168 149 166 151 168 152 169 149 166 152 169 147 164 149 166 147 164 146 163 153 170 102 111 101 110 153 170 101 110 154 171 153 170 154 171 155 172 153 170 155 172 156 173 153 170 156 173 157 174 153 170 157 174 158 175 153 170 158 175 103 112 153 170 103 112 102 111 159 176 156 173 155 172 159 176 155 172 160 177 159 176 160 177 161 178 159 176 161 178 162 179 159 176 162 179 163 180 159 176 163 180 164 181 159 176 164 181 157 174 159 176 157 174 156 173 165 182 162 179 161 178 165 182 161 178 166 183 165 182 166 183 167 184 165 182 167 184 168 185 165 182 168 185 169 186 165 182 169 186 170 187 165 182 170 187 163 180 165 182 163 180 162 179 171 188 168 185 167 184 171 188 167 184 172 189 171 188 172 189 173 190 171 188 173 190 174 191 171 188 174 191 175 192 171 188 175 192 176 193 171 188 176 193 169 186 171 188 169 186 168 185 177 194 118 135 103 134 177 194 103 134 158 195 177 194 158 195 157 196 177 194 157 196 178 197 177 194 178 197 179 198 177 194 179 198 180 199 177 194 180 199 119 136 177 194 119 136 118 135 181 200 178 197 157 196 181 200 157 196 164 201 181 200 164 201 163 202 181 200 163 202 182 203 181 200 182 203 183 204 181 200 183 204 184 205 181 200 184 205 179 198 181 200 179 198 178 197 185 206 182 203 163 202 185 206 163 202 170 207 185 206 170 207 169 208 185 206 169 208 186 209 185 206 186 209 187 210 185 206 187 210 188 211 185 206 188 211 183 204 185 206 183 204 182 203 189 212 186 209 169 208 189 212 169 208 176 213 189 212 176 213 175 214 189 212 175 214 190 215 189 212 190 215 191 216 189 212 191 216 192 217 189 212 192 217 187 210 189 212 187 210 186 209 193 218 134 151 119 136 193 218 119 136 180 199 193 218 180 199 179 198 193 218 179 198 194 219 193 218 194 219 195 220 193 218 195 220 196 221 193 218 196 221 135 152 193 218 135 152 134 151 197 222 194 219 179 198 197 222 179 198 184 205 197 222 184 205 183 204 197 222 183 204 198 223 197 222 198 223 199 224 197 222 199 224 200 225 197 222 200 225 195 220 197 222 195 220 194 219 201 226 198 223 183 204 201 226 183 204 188 211 201 226 188 211 187 210 201 226 187 210 202 227 201 226 202 227 203 228 201 226 203 228 204 229 201 226 204 229 199 224 201 226 199 224 198 223 205 230 202 227 187 210 205 230 187 210 192 217 205 230 192 217 191 216 205 230 191 216 206 231 205 230 206 231 207 232 205 230 207 232 208 233 205 230 208 233 203 228 205 230 203 228 202 227 209 234 150 167 135 152 209 234 135 152 196 221 209 234 196 221 195 220 209 234 195 220 210 235 209 234 210 235 211 236 209 234 211 236 212 237 209 234 212 237 151 168 209 234 151 168 150 167 213 238 210 235 195 220 213 238 195 220 200 225 213 238 200 225 199 224 213 238 199 224 214 239 213 238 214 239 215 240 213 238 215 240 216 241 213 238 216 241 211 236 213 238 211 236 210 235 217 242 214 239 199 224 217 242 199 224 204 229 217 242 204 229 203 228 217 242 203 228 218 243 217 242 218 243 219 244 217 242 219 244 220 245 217 242 220 245 215 240 217 242 215 240 214 239 221 246 218 243 203 228 221 246 203 228 208 233 221 246 208 233 207 232 221 246 207 232 222 247 221 246 222 247 223 248 221 246 223 248 224 249 221 246 224 249 219 244 221 246 219 244 218 243 225 250 174 191 173 190 225 250 173 190 226 251 225 250 226 251 227 252 225 250 227 252 228 253 225 250 228 253 229 254 225 250 229 254 230 255 225 250 230 255 175 192 225 250 175 192 174 191 231 256 228 253 227 252 231 256 227 252 232 257 231 256 232 257 233 258 231 256 233 258 234 259 231 256 234 259 235 260 231 256 235 260 236 261 231 256 236 261 229 254 231 256 229 254 228 253 237 262 234 259 233 258 237 262 233 258 238 263 237 262 238 263 239 264 237 262 239 264 240 265 237 262 240 265 241 266 237 262 241 266 242 267 237 262 242 267 235 260 237 262 235 260 234 259 243 268 240 265 239 264 243 268 239 264 244 269 243 268 244 269 2 2 243 268 2 2 1 1 243 268 1 1 8 8 243 268 8 8 245 270 243 268 245 270 241 266 243 268 241 266 240 265 246 271 190 215 175 214 246 271 175 214 230 272 246 271 230 272 229 273 246 271 229 273 247 274 246 271 247 274 248 275 246 271 248 275 249 276 246 271 249 276 191 216 246 271 191 216 190 215 250 277 247 274 229 273 250 277 229 273 236 278 250 277 236 278 235 279 250 277 235 279 251 280 250 277 251 280 252 281 250 277 252 281 253 282 250 277 253 282 248 275 250 277 248 275 247 274 254 283 251 280 235 279 254 283 235 279 242 284 254 283 242 284 241 285 254 283 241 285 255 286 254 283 255 286 256 287 254 283 256 287 257 288 254 283 257 288 252 281 254 283 252 281 251 280 258 289 255 286 241 285 258 289 241 285 245 290 258 289 245 290 8 29 258 289 8 29 28 28 258 289 28 28 32 35 258 289 32 35 259 291 258 289 259 291 256 287 258 289 256 287 255 286 260 292 206 231 191 216 260 292 191 216 249 276 260 292 249 276 248 275 260 292 248 275 261 293 260 292 261 293 262 294 260 292 262 294 263 295 260 292 263 295 207 232 260 292 207 232 206 231 264 296 261 293 248 275 264 296 248 275 253 282 264 296 253 282 252 281 264 296 252 281 265 297 264 296 265 297 266 298 264 296 266 298 267 299 264 296 267 299 262 294 264 296 262 294 261 293 268 300 265 297 252 281 268 300 252 281 257 288 268 300 257 288 256 287 268 300 256 287 269 301 268 300 269 301 270 302 268 300 270 302 271 303 268 300 271 303 266 298 268 300 266 298 265 297 272 304 269 301 256 287 272 304 256 287 259 291 272 304 259 291 32 35 272 304 32 35 46 55 272 304 46 55 50 59 272 304 50 59 273 305 272 304 273 305 270 302 272 304 270 302 269 301 274 306 222 247 207 232 274 306 207 232 263 295 274 306 263 295 262 294 274 306 262 294 275 307 274 306 275 307 276 308 274 306 276 308 277 309 274 306 277 309 223 248 274 306 223 248 222 247 278 310 275 307 262 294 278 310 262 294 267 299 278 310 267 299 266 298 278 310 266 298 279 311 278 310 279 311 280 312 278 310 280 312 281 313 278 310 281 313 276 308 278 310 276 308 275 307 282 314 279 311 266 298 282 314 266 298 271 303 282 314 271 303 270 302 282 314 270 302 283 315 282 314 283 315 284 316 282 314 284 316 285 317 282 314 285 317 280 312 282 314 280 312 279 311 286 318 283 315 270 302 286 318 270 302 273 305 286 318 273 305 50 59 286 318 50 59 64 73 286 318 64 73 68 77 286 318 68 77 287 319 286 318 287 319 284 316 286 318 284 316 283 315 288 320 226 251 173 190 288 320 173 190 172 189 288 320 172 189 167 184 288 320 167 184 289 321 288 320 289 321 290 322 288 320 290 322 291 323 288 320 291 323 227 252 288 320 227 252 226 251 292 324 289 321 167 184 292 324 167 184 166 183 292 324 166 183 161 178 292 324 161 178 293 325 292 324 293 325 294 326 292 324 294 326 295 327 292 324 295 327 290 322 292 324 290 322 289 321 296 328 293 325 161 178 296 328 161 178 160 177 296 328 160 177 155 172 296 328 155 172 297 329 296 328 297 329 298 330 296 328 298 330 299 331 296 328 299 331 294 326 296 328 294 326 293 325 300 332 297 329 155 172 300 332 155 172 154 171 300 332 154 171 101 110 300 332 101 110 100 109 300 332 100 109 95 104 300 332 95 104 301 333 300 332 301 333 298 330 300 332 298 330 297 329 302 334 232 257 227 252 302 334 227 252 291 323 302 334 291 323 290 322 302 334 290 322 303 335 302 334 303 335 304 336 302 334 304 336 305 337 302 334 305 337 233 258 302 334 233 258 232 257 306 338 303 335 290 322 306 338 290 322 295 327 306 338 295 327 294 326 306 338 294 326 307 339 306 338 307 339 308 340 306 338 308 340 309 341 306 338 309 341 304 336 306 338 304 336 303 335 310 342 307 339 294 326 310 342 294 326 299 331 310 342 299 331 298 330 310 342 298 330 311 343 310 342 311 343 312 344 310 342 312 344 313 345 310 342 313 345 308 340 310 342 308 340 307 339 314 346 311 343 298 330 314 346 298 330 301 333 314 346 301 333 95 104 314 346 95 104 94 103 314 346 94 103 89 98 314 346 89 98 315 347 314 346 315 347 312 344 314 346 312 344 311 343 316 348 238 263 233 258 316 348 233 258 305 337 316 348 305 337 304 336 316 348 304 336 317 349 316 348 317 349 318 350 316 348 318 350 319 351 316 348 319 351 239 264 316 348 239 264 238 263 320 352 317 349 304 336 320 352 304 336 309 341 320 352 309 341 308 340 320 352 308 340 321 353 320 352 321 353 322 354 320 352 322 354 323 355 320 352 323 355 318 350 320 352 318 350 317 349 324 356 321 353 308 340 324 356 308 340 313 345 324 356 313 345 312 344 324 356 312 344 325 357 324 356 325 357 326 358 324 356 326 358 327 359 324 356 327 359 322 354 324 356 322 354 321 353 328 360 325 357 312 344 328 360 312 344 315 347 328 360 315 347 89 98 328 360 89 98 88 97 328 360 88 97 83 92 328 360 83 92 329 361 328 360 329 361 326 358 328 360 326 358 325 357 330 362 244 269 239 264 330 362 239 264 319 351 330 362 319 351 318 350 330 362 318 350 331 363 330 362 331 363 4 4 330 362 4 4 3 3 330 362 3 3 2 2 330 362 2 2 244 269 332 364 331 363 318 350 332 364 318 350 323 355 332 364 323 355 322 354 332 364 322 354 333 365 332 364 333 365 11 11 332 364 11 11 10 10 332 364 10 10 4 4 332 364 4 4 331 363 334 366 333 365 322 354 334 366 322 354 327 359 334 366 327 359 326 358 334 366 326 358 335 367 334 366 335 367 17 17 334 366 17 17 16 16 334 366 16 16 11 11 334 366 11 11 333 365 336 368 335 367 326 358 336 368 326 358 329 361 336 368 329 361 83 92 336 368 83 92 82 91 336 368 82 91 23 23 336 368 23 23 22 22 336 368 22 22 17 17 336 368 17 17 335 367 337 369 287 319 68 77 337 369 68 77 67 76 337 369 67 76 66 75 337 369 66 75 338 370 337 369 338 370 339 371 337 369 339 371 340 372 337 369 340 372 284 316 337 369 284 316 287 319 341 373 338 370 66 75 341 373 66 75 72 81 341 373 72 81 71 80 341 373 71 80 342 374 341 373 342 374 343 375 341 373 343 375 344 376 341 373 344 376 339 371 341 373 339 371 338 370 345 377 342 374 71 80 345 377 71 80 76 85 345 377 76 85 75 84 345 377 75 84 346 378 345 377 346 378 347 379 345 377 347 379 348 380 345 377 348 380 343 375 345 377 343 375 342 374 349 381 346 378 75 84 349 381 75 84 80 89 349 381 80 89 79 88 349 381 79 88 140 157 349 381 140 157 139 156 349 381 139 156 350 382 349 381 350 382 347 379 349 381 347 379 346 378 351 383 285 317 284 316 351 383 284 316 340 372 351 383 340 372 339 371 351 383 339 371 352 384 351 383 352 384 353 385 351 383 353 385 354 386 351 383 354 386 280 312 351 383 280 312 285 317 355 387 352 384 339 371 355 387 339 371 344 376 355 387 344 376 343 375 355 387 343 375 356 388 355 387 356 388 357 389 355 387 357 389 358 390 355 387 358 390 353 385 355 387 353 385 352 384 359 391 356 388 343 375 359 391 343 375 348 380 359 391 348 380 347 379 359 391 347 379 360 392 359 391 360 392 361 393 359 391 361 393 362 394 359 391 362 394 357 389 359 391 357 389 356 388 363 395 360 392 347 379 363 395 347 379 350 382 363 395 350 382 139 156 363 395 139 156 144 161 363 395 144 161 143 160 363 395 143 160 364 396 363 395 364 396 361 393 363 395 361 393 360 392 365 397 281 313 280 312 365 397 280 312 354 386 365 397 354 386 353 385 365 397 353 385 366 398 365 397 366 398 367 399 365 397 367 399 368 400 365 397 368 400 276 308 365 397 276 308 281 313 369 401 366 398 353 385 369 401 353 385 358 390 369 401 358 390 357 389 369 401 357 389 370 402 369 401 370 402 371 403 369 401 371 403 372 404 369 401 372 404 367 399 369 401 367 399 366 398 373 405 370 402 357 389 373 405 357 389 362 394 373 405 362 394 361 393 373 405 361 393 374 406 373 405 374 406 375 407 373 405 375 407 376 408 373 405 376 408 371 403 373 405 371 403 370 402 377 409 374 406 361 393 377 409 361 393 364 396 377 409 364 396 143 160 377 409 143 160 148 165 377 409 148 165 147 164 377 409 147 164 378 410 377 409 378 410 375 407 377 409 375 407 374 406 379 411 277 309 276 308 379 411 276 308 368 400 379 411 368 400 367 399 379 411 367 399 380 412 379 411 380 412 219 244 379 411 219 244 224 249 379 411 224 249 223 248 379 411 223 248 277 309 381 413 380 412 367 399 381 413 367 399 372 404 381 413 372 404 371 403 381 413 371 403 382 414 381 413 382 414 215 240 381 413 215 240 220 245 381 413 220 245 219 244 381 413 219 244 380 412 383 415 382 414 371 403 383 415 371 403 376 408 383 415 376 408 375 407 383 415 375 407 384 416 383 415 384 416 211 236 383 415 211 236 216 241 383 415 216 241 215 240 383 415 215 240 382 414 385 417 384 416 375 407 385 417 375 407 378 410 385 417 378 410 147 164 385 417 147 164 152 169 385 417 152 169 151 168 385 417 151 168 212 237 385 417 212 237 211 236 385 417 211 236 384 416</p>
                </triangles>
            </mesh>
        </geometry>
        <geometry id="NODE9-lib" name="NODE9Mesh">
            <mesh>
                <source id="NODE9-lib-positions">
                    <float_array id="NODE9-lib-positions-array" count="3687">0.174662 0.202817 0.724866 0.159904 0.198558 0.73088 0.15938 0.184675 0.718185 0.17955 0.192299 0.71623 0.159922 0.221298 0.729521 0.188553 0.212517 0.709161 0.129135 0.186157 0.715582 0.124466 0.197016 0.722392 0.112772 0.194011 0.711879 0.124279 0.181899 0.706601 0.141984 0.18483 0.717672 0.141394 0.198475 0.729546 0.140271 0.177684 0.705082 0.155993 0.418483 0.696042 0.127476 0.414047 0.70386 0.137817 0.367959 0.709646 0.154012 0.34736 0.707669 0.176407 0.38712 0.693785 0.198164 0.431231 0.677363 0.179552 0.45034 0.670654 0.121529 0.187448 0.662328 0.113948 0.196769 0.661394 0.124295 0.198718 0.655419 0.130503 0.187174 0.658634 0.12005 0.182403 0.669747 0.108432 0.192123 0.671784 0.133117 0.178414 0.666661 0.164387 0.222652 0.65292 0.129297 0.219202 0.654857 0.14017 0.24786 0.660495 0.175446 0.247733 0.658231 0.126564 0.464542 0.555526 0.0475924 0.461562 0.598771 0.0552655 0.47679 0.547328 0.125461 0.448525 0.602889 0.0862483 0.448867 0.616766 0.127633 0.495503 0.487287 0.163245 0.484148 0.511495 -0.364381 0.504644 0.476872 -0.360408 0.493216 0.512514 -0.320233 0.510815 0.488705 -0.357846 0.51786 0.435513 -0.485154 0.423979 0.486347 -0.445031 0.452378 0.510876 -0.44344 0.459166 0.503391 -0.476249 0.444787 0.480193 -0.474075 0.409714 0.502601 -0.444326 0.445316 0.517162 -0.50794 0.44737 0.43939 -0.510666 0.420265 0.453236 -0.491863 0.0171693 0.478381 -0.520199 0.0210311 0.458191 -0.413485 0.0280247 0.453005 -0.410418 0.0359063 0.454655 -0.414459 0.0338044 0.464506 -0.419986 0.0244144 0.463896 -0.420183 0.0202228 0.4534 -0.415213 0.0258347 0.447506 -0.411244 0.0357952 0.446254 -0.536043 0.426174 0.41862 -0.548469 0.462083 0.380453 -0.540674 0.378261 0.421018 -0.516752 0.375682 0.452783 -0.557802 0.450697 0.376178 -0.553441 0.41073 0.398207 -0.472801 0.102206 0.401836 -0.496465 0.14125 0.410662 -0.473754 0.144883 0.428094 -0.449249 0.111741 0.423556 -0.496261 0.0770106 0.377917 -0.433943 0.0733856 0.421406 -0.464351 0.0684687 0.39447 -0.506155 0.0522362 0.359047 -0.52731 0.0222849 0.394487 -0.392511 0.487151 0.342506 -0.357676 0.481884 0.400942 -0.385132 0.467534 0.414334 -0.416886 0.469729 0.372511 -0.457584 0.468736 0.33863 -0.443572 0.480616 0.305542 -0.340394 0.498493 0.356951 -0.510881 0.0546078 0.358706 -0.505577 0.0465564 0.35828 -0.514744 0.0459147 0.35445 -0.520888 0.0418254 0.35461 -0.527223 0.0448958 0.358915 -0.520016 0.048352 0.35583 -0.517389 0.0376524 0.355833 -0.505719 0.511668 0.332269 -0.484955 0.522904 0.313181 -0.532631 0.50114 0.336825 -0.518261 0.491309 0.368446 -0.530011 0.515917 0.298866 -0.170288 0.531943 0.319712 -0.125921 0.52792 0.3604 -0.137483 0.524041 0.390115 -0.172132 0.525165 0.36687 -0.210816 0.52132 0.359681 -0.233679 0.531321 0.279756 -0.109355 0.546589 0.262639 -0.0998006 0.535775 0.326445 -0.138913 0.549737 0.220587 0.203761 0.534228 0.291872 0.236154 0.535521 0.259759 0.234816 0.528877 0.30406 -0.194444 0.577052 0.208942 -0.189296 0.570257 0.279597 -0.139107 0.574404 0.274602 -0.0899405 0.580181 0.238815 -0.152031 0.584113 0.121034 -0.242867 0.577999 0.131644 -0.00857715 0.554837 0.184468 -0.104099 0.554959 0.145322 -0.501207 0.537114 -0.0232297 -0.445383 0.546703 -0.0263124 -0.475616 0.540308 -0.0506416 -0.516508 0.537712 0.0205233 -0.515738 0.535649 -0.0725889 -0.467044 0.493696 -0.0640494 -0.482453 0.492015 0.00420607 -0.494387 0.48432 -0.030177 -0.437222 0.508979 -0.0458986 -0.490482 0.48531 -0.0773795 0.307076 0.586802 -0.0565687 0.251701 0.587518 -0.0969487 0.280639 0.585731 -0.0554483 0.303904 0.542735 -0.0560824 0.316677 0.551483 -0.0579596 0.310685 0.545372 -0.041203 0.298064 0.540159 -0.0452415 0.287896 0.540971 -0.0670345 0.298072 0.546928 -0.073337 0.26099 0.54159 -0.0841645 0.268283 0.544768 -0.0917662 0.305597 0.556636 -0.0784169 0.3186 0.551691 -0.0390359 0.324641 0.564811 -0.0585787 0.324496 0.561276 -0.03852 0.325447 0.567294 -0.0384532 0.302745 0.563521 -0.00461247 0.312002 0.557555 -0.0211338 0.306678 0.550634 -0.0222189 0.29805 0.556104 -0.00324545 0.292355 0.549785 -0.00433841 0.293176 0.544578 -0.0174366 0.283748 0.539703 -0.0258134 0.262944 0.539043 -0.034095 0.275923 0.537817 -0.0551126 0.231026 0.546413 -0.0453071 0.190217 0.552669 -0.0563419 0.205751 0.547041 -0.0910667 0.22459 0.544651 -0.107595 0.188666 0.544558 -0.136248 0.200092 0.544514 -0.150926 0.233612 0.546091 -0.117262 0.207991 0.547295 -0.16093 0.240434 0.549482 -0.124155 0.213707 0.552663 -0.168556 0.246001 0.554485 -0.129365 0.277612 0.55537 -0.10162 0.252489 0.561664 -0.130206 0.307706 0.565344 -0.0808383 0.279949 0.570346 -0.104474 0.307168 0.572308 -0.0804781 0.323888 0.573585 -0.0586744 0.324028 0.573133 -0.0389179 0.305222 0.578569 -0.0784765 0.315714 0.582645 -0.0586963 0.32097 0.578144 -0.0397933 0.313753 0.5837 -0.0411747 0.302602 0.577686 -0.0118405 0.31423 0.571947 -0.0212913 0.302252 0.571074 -0.00453626 0.294838 0.570918 0.0119801 0.294361 0.563383 0.0136359 0.290508 0.556581 0.0147374 0.280527 0.549127 0.0156064 0.294028 0.56301 0.0313489 0.29029 0.556112 0.0330579 0.284279 0.550843 0.0350346 0.273241 0.546666 0.037998 0.298072 0.553816 0.057067 0.291172 0.548585 0.05715 0.283959 0.544823 0.0605233 0.275128 0.542852 0.0656297 0.317256 0.539315 0.116219 0.266699 0.541806 0.0817798 0.312929 0.534449 0.12502 0.303576 0.533126 0.128534 0.289791 0.534588 0.129395 0.307983 0.527738 0.163689 0.260681 0.535986 0.217863 0.213771 0.550682 0.129744 0.325896 0.518464 0.20229 0.183241 0.551285 0.166109 0.335058 0.50845 0.251163 0.272761 0.529551 0.256557 0.30771 0.509728 0.301983 0.275885 0.522004 0.298637 0.32049 0.495501 0.357736 0.254881 0.517396 0.345051 0.208989 0.510338 0.403571 0.179358 0.520207 0.377759 0.158431 0.53076 0.339169 0.112788 0.52398 0.386266 0.0975354 0.535238 0.336163 0.132892 0.550229 0.221202 0.086753 0.555048 0.197528 0.151444 0.554525 0.135782 0.150131 0.554852 0.0837808 0.189546 0.554112 0.0641329 0.25284 0.545952 0.0459153 0.221766 0.551976 0.0189576 0.252946 0.545981 0.0150086 0.266866 0.545416 0.0154776 0.221041 0.55113 -0.0162016 0.180012 0.555098 0.00753058 0.15038 0.554533 -0.0649775 0.0530774 0.55486 -0.106713 0.127881 0.554275 -0.112527 0.0943114 0.555329 -0.156423 0.151992 0.54995 -0.164136 0.105673 0.556088 -0.180211 0.11363 0.557965 -0.19183 0.15718 0.550703 -0.175271 0.161768 0.553526 -0.183319 0.122435 0.561884 -0.202541 0.165742 0.558851 -0.18991 0.217331 0.560221 -0.174097 0.167753 0.566817 -0.193523 0.219185 0.569573 -0.176386 0.251238 0.570048 -0.133076 0.218078 0.579078 -0.174491 0.249494 0.578062 -0.130591 0.277712 0.577524 -0.10226 0.245415 0.584111 -0.125996 0.274124 0.583073 -0.0979701 0.301904 0.583338 -0.0749088 0.269507 0.58625 -0.0922658 0.239891 0.587439 -0.120106 0.183398 0.585351 -0.077137 0.294353 0.583286 -0.0248898 0.266196 0.584248 -0.0308538 0.283618 0.581303 0.00582814 0.294368 0.581365 -0.012262 0.281964 0.580377 0.0298155 0.289684 0.577125 0.0289392 0.291511 0.577452 0.00961043 0.295061 0.577873 0.0751681 0.295325 0.576615 0.0527365 0.299768 0.569831 0.0520623 0.294019 0.570726 0.0299518 0.31676 0.570779 0.106544 0.312357 0.566916 0.0815148 0.300607 0.561527 0.0537373 0.3255 0.562301 0.114271 0.326228 0.553629 0.1134 0.323104 0.545533 0.114187 0.345644 0.554973 0.149606 0.346672 0.54633 0.147694 0.343533 0.538063 0.148009 0.337552 0.531782 0.15001 0.36815 0.536835 0.19579 0.364804 0.528331 0.195674 0.35818 0.521895 0.1959 0.349444 0.518239 0.197122 0.378609 0.519629 0.251087 0.371964 0.512662 0.250606 0.362719 0.508198 0.250504 0.350756 0.506617 0.250664 0.338969 0.517157 0.199189 0.368963 0.507719 0.30797 0.359993 0.502967 0.306644 0.347368 0.499891 0.309949 0.332486 0.501918 0.303941 0.349161 0.492177 0.363834 0.316751 0.484672 0.41346 0.296561 0.489494 0.408535 0.262367 0.502874 0.398691 0.297583 0.469318 0.460453 0.233131 0.498724 0.437436 0.19892 0.493368 0.472257 0.130623 0.512414 0.427432 0.0941268 0.504246 0.462904 0.0638005 0.516968 0.420667 0.0633454 0.531874 0.357625 -0.0103622 0.527125 0.378443 0.0362901 0.547899 0.276135 0.0785827 0.551103 0.248388 -0.0117884 0.551227 0.25081 0.0859735 0.555411 0.1407 -0.173197 0.554867 -0.0644048 0.0443304 0.554032 -0.169363 0.00964375 0.547152 -0.219207 0.061387 0.549706 -0.205542 0.020312 0.544574 -0.244799 0.0724679 0.548036 -0.223916 0.024976 0.546722 -0.259257 0.079101 0.549507 -0.234134 0.0291143 0.552581 -0.270117 0.0845499 0.553775 -0.242843 0.0326006 0.561817 -0.277419 0.0885672 0.561778 -0.248935 0.126305 0.567447 -0.20645 0.0898337 0.572233 -0.249076 0.126415 0.575187 -0.205115 0.16727 0.575356 -0.191189 0.123347 0.580339 -0.199312 0.165071 0.58178 -0.185102 0.214311 0.58627 -0.168437 0.162131 0.585516 -0.177257 0.208505 0.589635 -0.159519 0.158512 0.586698 -0.166146 0.188518 0.58806 -0.127115 0.102535 0.585569 -0.117622 0.188205 0.583667 -0.033733 0.248304 0.582687 0.0192214 0.182002 0.583329 0.0288965 0.254681 0.58131 0.0911077 0.312956 0.573055 0.119708 0.347833 0.56064 0.187496 0.340914 0.561935 0.152788 0.36169 0.553177 0.198802 0.366906 0.545833 0.196848 0.375683 0.546358 0.253208 0.380987 0.538266 0.251658 0.38195 0.528586 0.251143 0.379967 0.53179 0.313308 0.379591 0.522822 0.311358 0.375659 0.514504 0.309481 0.369521 0.508021 0.372152 0.365419 0.500155 0.369371 0.358304 0.494709 0.366539 0.346573 0.491872 0.423405 0.339144 0.486753 0.420373 0.329574 0.484364 0.417048 0.327962 0.469786 0.474493 0.315569 0.466894 0.468167 0.271075 0.453396 0.538643 0.245371 0.456839 0.535875 0.237303 0.477695 0.489183 0.204574 0.470403 0.527339 0.217838 0.448034 0.576211 0.21598 0.432765 0.61596 0.167463 0.443646 0.602652 0.199638 0.413247 0.637703 0.166021 0.423497 0.631001 0.127038 0.427558 0.634085 0.12929 0.397546 0.650766 0.106862 0.395441 0.660214 0.0818286 0.424625 0.654252 0.16184 0.394287 0.646442 0.154458 0.358184 0.655015 0.13352 0.359665 0.658567 0.187183 0.386115 0.650805 0.167672 0.355999 0.654994 0.136658 0.320776 0.660015 0.177391 0.354205 0.656364 0.170813 0.283433 0.659903 0.185789 0.35167 0.65957 0.181011 0.281755 0.662365 0.186249 0.246643 0.659084 0.188472 0.318018 0.665586 0.188751 0.28271 0.667654 0.194574 0.244703 0.663447 0.186215 0.20751 0.661423 0.178796 0.213408 0.654744 0.193413 0.283559 0.675675 0.199473 0.243032 0.671211 0.19143 0.203728 0.671609 0.172954 0.184544 0.674855 0.167177 0.188785 0.663163 0.200218 0.242765 0.680786 0.194283 0.202864 0.684063 0.177129 0.183169 0.688693 0.156497 0.175623 0.690474 0.152937 0.175771 0.676805 0.194247 0.205971 0.697365 0.179433 0.185253 0.702487 0.158817 0.17837 0.704469 0.137275 0.174085 0.691043 0.120268 0.178965 0.69283 0.119446 0.179088 0.681208 0.134931 0.17419 0.678854 0.14853 0.179745 0.664626 0.142776 0.189069 0.656204 0.159957 0.196409 0.654784 0.135777 0.201863 0.652932 0.116169 0.216052 0.657214 0.112735 0.248026 0.662432 0.124805 0.248187 0.65997 0.120274 0.285022 0.663558 0.133703 0.282963 0.660926 0.1238 0.321303 0.663159 0.119069 0.358712 0.663555 0.115132 0.321284 0.669798 0.108568 0.356939 0.670301 0.0952965 0.39284 0.667612 0.101876 0.355276 0.679846 0.0873222 0.391317 0.676957 0.0715896 0.424328 0.66385 0.0555539 0.448301 0.639759 0.0651788 0.447793 0.630695 0.0347917 0.460425 0.609826 0.0126827 0.469735 0.57721 0.0253179 0.470748 0.56779 -0.0332187 0.491825 0.515482 -0.0288406 0.495836 0.493633 0.0201524 0.502194 0.470812 0.00592629 0.515293 0.425723 -0.0602399 0.530374 0.360505 -0.0759264 0.551817 0.235738 -0.0773604 0.554195 0.198441 -0.158362 0.553751 0.146532 -0.189041 0.554617 0.054539 -0.219041 0.553935 -0.0586041 -0.101428 0.554491 -0.15817 -0.0440053 0.554523 -0.175425 -0.0926689 0.551914 -0.212522 -0.0923049 0.552401 -0.247764 -0.0360524 0.547294 -0.248055 -0.0353954 0.548904 -0.262881 -0.0921105 0.556427 -0.264275 -0.0344957 0.553602 -0.274505 -0.0920852 0.563162 -0.273005 -0.0336353 0.561594 -0.283495 -0.0924295 0.573235 -0.276828 -0.0325352 0.572915 -0.286134 0.0344506 0.573415 -0.279223 -0.0317195 0.583521 -0.281002 0.0338392 0.583802 -0.274021 0.0876801 0.581194 -0.24271 0.0316375 0.590422 -0.264468 0.0834132 0.586474 -0.23357 0.119502 0.58347 -0.192143 0.076899 0.588239 -0.222046 0.113254 0.585531 -0.179979 0.0550664 0.587454 -0.170516 0.051236 0.586457 -0.0614689 0.117259 0.585239 -0.0528304 0.108516 0.585708 0.108873 0.177472 0.582376 0.123471 0.272206 0.577875 0.127248 0.2502 0.566533 0.243837 0.314673 0.560708 0.259038 0.323989 0.566486 0.186933 0.344517 0.561574 0.203153 0.354085 0.555752 0.258164 0.367636 0.551758 0.255414 0.355535 0.544277 0.314658 0.374958 0.539049 0.31476 0.35523 0.52977 0.372256 0.351744 0.517085 0.421577 0.369207 0.517205 0.37403 0.353675 0.507749 0.428079 0.351867 0.498996 0.426011 0.346478 0.493668 0.485759 0.343376 0.483855 0.483039 0.336911 0.4758 0.479283 0.315979 0.47481 0.530561 0.309823 0.467176 0.52519 0.300255 0.461557 0.519111 0.28568 0.453323 0.566159 0.27649 0.450306 0.559569 0.251583 0.441531 0.595249 0.241236 0.442631 0.588343 0.231031 0.427774 0.624764 0.211835 0.40748 0.644385 0.196157 0.382437 0.655201 0.217463 0.405428 0.651077 0.202113 0.380524 0.661214 0.192696 0.351435 0.665447 0.204388 0.380779 0.669461 0.195499 0.351632 0.673874 0.191726 0.318524 0.674257 0.192136 0.353485 0.682064 0.189331 0.319504 0.683348 0.192714 0.284046 0.684772 0.183584 0.319062 0.691063 0.196658 0.243665 0.690693 0.179946 0.284754 0.69996 0.189319 0.245324 0.701025 0.168504 0.293669 0.706829 0.177016 0.247912 0.711624 0.154147 0.285169 0.715088 0.157403 0.249149 0.720424 0.140876 0.305886 0.716403 0.137125 0.247908 0.722451 0.140051 0.219889 0.732776 0.120181 0.247001 0.719235 0.120773 0.216465 0.725872 0.107645 0.247026 0.710978 0.106448 0.213845 0.714538 0.0998515 0.247483 0.700164 0.0979876 0.211773 0.701308 0.105863 0.19153 0.697478 0.0959431 0.210833 0.687342 0.105244 0.190746 0.684118 0.0988913 0.211588 0.674574 0.0965146 0.247828 0.688711 0.0979965 0.247719 0.678047 0.103621 0.247763 0.668828 0.106001 0.213577 0.664098 0.106961 0.286774 0.678963 0.111987 0.286111 0.66985 0.110011 0.320855 0.679314 0.106969 0.286728 0.689608 0.109852 0.320808 0.69035 0.10128 0.355295 0.691237 0.114427 0.321532 0.700603 0.106196 0.357589 0.701406 0.0901938 0.39757 0.698515 0.0852062 0.392826 0.688644 0.0693291 0.434469 0.684003 0.0666802 0.427504 0.674632 0.0479351 0.46025 0.6578 0.0488925 0.451874 0.649328 0.021216 0.471645 0.626917 0.0132229 0.468539 0.600327 -0.0112272 0.483536 0.58199 -0.0385379 0.492143 0.528264 -0.0509888 0.498992 0.529253 -0.0761909 0.505509 0.480175 -0.0627606 0.502579 0.478327 -0.0931565 0.520969 0.397773 -0.109781 0.517597 0.420876 -0.11729 0.518322 0.431148 -0.143787 0.524511 0.409183 -0.122719 0.520585 0.439401 -0.147457 0.526219 0.41846 -0.172524 0.526502 0.406955 -0.172711 0.524872 0.393362 -0.198932 0.522059 0.402932 -0.203989 0.520256 0.388352 -0.230029 0.513822 0.407867 -0.256437 0.506363 0.403527 -0.249256 0.51449 0.362822 -0.272335 0.523232 0.296586 -0.303482 0.510497 0.339411 -0.381029 0.50171 0.287667 -0.325022 0.521502 0.246892 -0.282262 0.531528 0.230576 -0.183633 0.548837 0.188792 -0.301089 0.534676 0.17678 -0.241605 0.546828 0.130047 -0.208181 0.552014 0.113025 -0.260553 0.548775 0.0623485 -0.235515 0.552534 0.0216102 -0.263623 0.549373 -0.0335846 -0.281003 0.545503 -0.0909675 -0.231014 0.551881 -0.106576 -0.187699 0.554036 -0.115996 -0.223701 0.548109 -0.154629 -0.146149 0.553214 -0.16655 -0.197402 0.542582 -0.20477 -0.147455 0.549286 -0.208246 -0.198378 0.537178 -0.24208 -0.146501 0.549489 -0.255229 -0.200491 0.537766 -0.25894 -0.203168 0.540802 -0.270977 -0.145844 0.552274 -0.267641 -0.205672 0.547039 -0.280428 -0.145314 0.558031 -0.276957 -0.207435 0.556962 -0.285489 -0.207839 0.567942 -0.282785 -0.0919345 0.582803 -0.272509 -0.102984 0.586293 -0.263644 -0.0319387 0.590347 -0.271028 -0.0381702 0.591574 -0.2571 0.0281399 0.592951 -0.251211 0.00890711 0.588917 -0.203982 -0.00447753 0.586666 -0.155633 -0.0462968 0.585915 -0.110732 -0.0529092 0.586964 -0.015706 0.06485 0.58654 0.100307 0.124979 0.582301 0.181297 0.203958 0.577271 0.169443 0.199342 0.571655 0.239455 0.314828 0.553157 0.311253 0.297334 0.532845 0.418838 0.337446 0.535008 0.371657 0.341452 0.520977 0.428474 0.322921 0.515786 0.48154 0.335526 0.511169 0.484224 0.343438 0.503773 0.485733 0.308766 0.501206 0.536599 0.316349 0.494198 0.537545 0.318577 0.484238 0.535084 0.290176 0.477961 0.581583 0.293412 0.468249 0.578549 0.291671 0.459394 0.572769 0.266414 0.454725 0.615582 0.26533 0.446908 0.609446 0.259586 0.44261 0.602198 0.242384 0.429277 0.640187 0.237957 0.426875 0.631774 0.219733 0.406454 0.659706 0.242025 0.435028 0.64767 0.217275 0.410217 0.667573 0.200985 0.383318 0.677204 0.211853 0.415082 0.673288 0.188056 0.38391 0.687488 0.186063 0.35602 0.688734 0.175704 0.322311 0.697738 0.126055 0.36492 0.711668 0.131239 0.324331 0.714129 0.128094 0.285875 0.716804 0.121787 0.322838 0.709073 0.118325 0.286453 0.7101 0.111168 0.286566 0.700207 0.1146 0.361061 0.708875 0.110025 0.410126 0.705637 0.0991091 0.403649 0.704281 0.0871658 0.450118 0.686424 0.0771974 0.442443 0.688149 0.0637246 0.477073 0.658046 0.0539366 0.470032 0.66103 0.031547 0.491841 0.628088 0.0237823 0.482952 0.630243 -0.0147182 0.508219 0.576592 -0.00370033 0.491521 0.597534 -0.038261 0.503425 0.554829 -0.05226 0.519041 0.535793 -0.0794602 0.524182 0.506479 -0.0797913 0.513815 0.503932 -0.086572 0.509916 0.483166 -0.126052 0.524049 0.448221 -0.105758 0.527828 0.478471 -0.129746 0.531087 0.452913 -0.152601 0.533639 0.433273 -0.150291 0.528931 0.426253 -0.173798 0.532552 0.422326 -0.173142 0.528749 0.415081 -0.195711 0.527725 0.418835 -0.197042 0.524094 0.411295 -0.223469 0.519173 0.423829 -0.226417 0.515782 0.416322 -0.252403 0.508017 0.436763 -0.260841 0.503765 0.422406 -0.282508 0.494396 0.455697 -0.2912 0.490684 0.442174 -0.303491 0.489833 0.423359 -0.321529 0.47433 0.464966 -0.359134 0.462792 0.45065 -0.353459 0.456738 0.486315 -0.388646 0.441899 0.491278 -0.395559 0.444645 0.463449 -0.411415 0.450191 0.426803 -0.4248 0.423797 0.469508 -0.435887 0.427823 0.438639 -0.454941 0.429799 0.406889 -0.433323 0.453911 0.391664 -0.485173 0.430324 0.381354 -0.471421 0.453032 0.362614 -0.49881 0.470297 0.31262 -0.532436 0.457878 0.332245 -0.526379 0.471864 0.297263 -0.510833 0.482434 0.260965 -0.487231 0.478346 0.276825 -0.49378 0.49374 0.225549 -0.475169 0.488545 0.238888 -0.4368 0.48919 0.262613 -0.461193 0.501001 0.204459 -0.432431 0.497926 0.221901 -0.398053 0.504154 0.234969 -0.362583 0.513554 0.242516 -0.421713 0.505431 0.148108 -0.366449 0.516979 0.194487 -0.336248 0.527463 0.174835 -0.4002 0.507123 0.147397 -0.372187 0.516956 0.148156 -0.388636 0.516695 0.0901297 -0.360001 0.52884 0.077106 -0.331652 0.536575 0.0575962 -0.350853 0.533739 -0.00687014 -0.359049 0.531542 -0.0569437 -0.373954 0.526414 -0.105138 -0.333083 0.534112 -0.124226 -0.288271 0.540899 -0.13786 -0.311858 0.524768 -0.216123 -0.255067 0.531335 -0.225102 -0.317233 0.525034 -0.235979 -0.259255 0.532109 -0.242494 -0.321252 0.528229 -0.248659 -0.262177 0.536383 -0.254353 -0.325027 0.53394 -0.258238 -0.264342 0.543131 -0.263157 -0.328427 0.542681 -0.264478 -0.266018 0.552318 -0.268916 -0.330407 0.553611 -0.263869 -0.266678 0.562872 -0.268247 -0.330013 0.562059 -0.256291 -0.266018 0.570489 -0.260872 -0.206684 0.57524 -0.273748 -0.216294 0.577775 -0.260156 -0.149425 0.58341 -0.255634 -0.160929 0.581253 -0.221628 -0.18491 0.579208 -0.187806 -0.132629 0.584622 -0.102062 -0.112927 0.587074 0.0553946 -0.0369006 0.586322 0.135048 0.0791823 0.584835 0.165972 0.100793 0.577117 0.261965 0.149188 0.571957 0.281483 0.23114 0.560614 0.304007 0.18659 0.552989 0.381387 0.265674 0.544523 0.37921 0.205016 0.538112 0.4412 0.272787 0.52434 0.471889 0.298199 0.504652 0.532971 0.282014 0.485707 0.580746 0.237238 0.48007 0.612172 0.255039 0.470357 0.61911 0.262644 0.463435 0.619129 0.231134 0.448994 0.653329 0.237872 0.442011 0.652335 0.205077 0.420517 0.677124 0.222039 0.455676 0.65133 0.209605 0.465357 0.645097 0.209435 0.493167 0.593626 0.180771 0.486282 0.623012 0.149349 0.478112 0.648948 0.115404 0.496135 0.615008 0.0887016 0.488213 0.639681 0.124759 0.463727 0.66984 0.0744871 0.482199 0.65095 0.10352 0.455731 0.680934 0.0422621 0.496399 0.621218 0.0242774 0.510668 0.580953 -0.0156139 0.517707 0.559657 -0.0445657 0.525678 0.530566 -0.08873 0.53978 0.476356 -0.0737397 0.532378 0.503324 -0.101711 0.536712 0.477058 -0.121965 0.545736 0.449613 -0.128058 0.539974 0.454526 -0.150096 0.548542 0.435217 -0.153055 0.541119 0.437539 -0.174032 0.546698 0.427913 -0.174429 0.538669 0.427671 -0.195021 0.54137 0.426978 -0.194968 0.533596 0.424674 -0.220574 0.531611 0.434203 -0.2214 0.524486 0.430026 -0.247216 0.519008 0.449113 -0.248646 0.512548 0.444129 -0.278006 0.503002 0.470797 -0.278223 0.498415 0.463715 -0.346969 0.458992 0.50559 -0.388875 0.441167 0.510882 -0.424967 0.421828 0.506559 -0.422355 0.420841 0.497606 -0.422052 0.421552 0.487146 -0.446175 0.391723 0.490435 -0.4463 0.393285 0.480853 -0.448884 0.395396 0.469303 -0.462804 0.359027 0.471024 -0.471054 0.36509 0.449067 -0.456147 0.398819 0.448423 -0.485208 0.368987 0.424841 -0.472165 0.401096 0.418826 -0.504995 0.37 0.40412 -0.497544 0.402291 0.394854 -0.517854 0.368512 0.394969 -0.526548 0.368259 0.38944 -0.530135 0.400807 0.377411 -0.533361 0.432222 0.358414 -0.539405 0.399092 0.373505 -0.542555 0.431367 0.355228 -0.54388 0.458123 0.328507 -0.55153 0.431944 0.354489 -0.552259 0.459326 0.327213 -0.536703 0.473521 0.291664 -0.511567 0.501904 0.216089 -0.499665 0.499336 0.214248 -0.468202 0.523121 0.156346 -0.473949 0.504257 0.193985 -0.463114 0.516632 0.159474 -0.456195 0.510825 0.164373 -0.445684 0.505766 0.171877 -0.447242 0.516577 0.138513 -0.437032 0.510322 0.141009 -0.437986 0.514773 0.114855 -0.424959 0.510462 0.112687 -0.406868 0.51053 0.109433 -0.435714 0.511264 0.0862876 -0.420997 0.511147 0.078586 -0.43919 0.508654 0.0519391 -0.388506 0.524823 0.0157086 -0.417162 0.516974 -0.0125403 -0.408079 0.517377 -0.07953 -0.461752 0.48664 -0.129464 -0.399784 0.510454 -0.142601 -0.420059 0.495455 -0.171279 -0.365727 0.514567 -0.196453 -0.432279 0.492609 -0.18706 -0.373998 0.513749 -0.213291 -0.442812 0.495286 -0.198236 -0.380899 0.516724 -0.224862 -0.451187 0.502741 -0.20592 -0.387294 0.522885 -0.23313 -0.45723 0.512709 -0.210286 -0.392647 0.531833 -0.238109 -0.460373 0.524129 -0.210543 -0.395603 0.542539 -0.237959 -0.460114 0.535237 -0.205957 -0.395068 0.552476 -0.232725 -0.456756 0.544672 -0.197717 -0.39173 0.559215 -0.223947 -0.327859 0.566796 -0.245662 -0.385535 0.561073 -0.210189 -0.274814 0.573527 -0.237773 -0.244967 0.575844 -0.165583 -0.212719 0.581794 -0.0551121 -0.177118 0.584467 0.0414577 -0.103604 0.586135 0.1154 -0.0267777 0.583565 0.198479 0.0522318 0.579252 0.255747 -0.0196095 0.579552 0.259363 0.0445906 0.571727 0.321794 0.1467 0.564189 0.342445 0.0749131 0.560724 0.381374 0.127026 0.556581 0.39117 0.148255 0.541676 0.451471 0.116043 0.532773 0.494178 0.170918 0.50749 0.566626 0.237668 0.502135 0.558148 0.118155 0.515973 0.552056 0.0206774 0.527371 0.527995 -0.000274518 0.538276 0.487245 -0.0971699 0.548431 0.438289 -0.145182 0.551151 0.427826 -0.171729 0.551624 0.421309 -0.196285 0.550585 0.416766 -0.195475 0.548319 0.42302 -0.231801 0.540191 0.435231 -0.221834 0.539523 0.433603 -0.248144 0.526911 0.451004 -0.27971 0.518331 0.470529 -0.276154 0.511455 0.472053 -0.308595 0.502657 0.499417 -0.305503 0.495089 0.499214 -0.345447 0.472699 0.531636 -0.343931 0.466383 0.525851 -0.344387 0.462085 0.518024 -0.39486 0.447208 0.530259 -0.391575 0.442968 0.523138 -0.435321 0.430385 0.519639 -0.429574 0.425052 0.514176 -0.464389 0.400702 0.507668 -0.455947 0.395437 0.506215 -0.449016 0.392471 0.499842 -0.47283 0.357945 0.495406 -0.466894 0.352266 0.488029 -0.486575 0.29906 0.456884 -0.477787 0.325829 0.457727 -0.489239 0.295942 0.446811 -0.482444 0.330605 0.444619 -0.499135 0.301563 0.424322 -0.503906 0.335737 0.413297 -0.51154 0.298308 0.408362 -0.51955 0.294699 0.401512 -0.521971 0.333264 0.394629 -0.527242 0.292393 0.398527 -0.529892 0.331824 0.389935 -0.535296 0.367062 0.385687 -0.538695 0.330524 0.389563 -0.544825 0.366265 0.385492 -0.549065 0.398169 0.372846 -0.552044 0.367186 0.391607 -0.556114 0.400648 0.378894 -0.55945 0.434226 0.357512 -0.557318 0.405093 0.3881 -0.563232 0.438829 0.364045 -0.566765 0.466423 0.329912 -0.560222 0.461955 0.327794 -0.55829 0.486227 0.2842 -0.55246 0.480132 0.285243 -0.541675 0.502715 0.244597 -0.536251 0.495595 0.246392 -0.519478 0.517527 0.207187 -0.515872 0.509316 0.209388 -0.472454 0.53875 0.154797 -0.471535 0.530604 0.154462 -0.460416 0.53387 0.134806 -0.454021 0.522739 0.136749 -0.455498 0.529684 0.117008 -0.446531 0.520073 0.116123 -0.459183 0.525791 0.0973108 -0.453805 0.519825 0.0951936 -0.446414 0.514742 0.0917905 -0.46875 0.517137 0.0746909 -0.462241 0.51207 0.0699405 -0.453082 0.508657 0.0629326 -0.484393 0.505539 0.049934 -0.475657 0.502163 0.0422348 -0.463796 0.501871 0.0312732 -0.504532 0.490549 0.0212069 -0.514743 0.493536 0.0275991 -0.532721 0.483202 -0.0223887 -0.521337 0.481206 -0.0227541 -0.507236 0.483936 -0.0829085 -0.519646 0.486689 -0.0866342 -0.49357 0.487638 -0.148446 -0.479541 0.484347 -0.140261 -0.541558 0.488179 -0.0219115 -0.529052 0.492115 -0.0888731 -0.503783 0.495509 -0.153984 -0.535738 0.499722 -0.0895597 -0.510415 0.505361 -0.157138 -0.539199 0.508992 -0.0887125 -0.513522 0.516311 -0.157643 -0.538481 0.518505 -0.0862463 -0.512436 0.527142 -0.155242 -0.534148 0.526681 -0.0823829 -0.507766 0.536102 -0.149725 -0.526683 0.532474 -0.0779484 -0.499569 0.541993 -0.14205 -0.450545 0.550849 -0.18675 -0.464727 0.547621 -0.148928 -0.302168 0.569977 -0.160024 -0.399319 0.555386 -0.117002 -0.270045 0.577 -0.0599527 -0.332243 0.567897 -0.0370861 -0.252643 0.579556 0.0201269 -0.287344 0.575099 0.0819781 -0.24055 0.579953 0.0823387 -0.332985 0.568174 0.129734 -0.314241 0.567101 0.174222 -0.358336 0.556189 0.218304 -0.265408 0.563334 0.269731 -0.394897 0.537062 0.298567 -0.314096 0.547944 0.324831 -0.359329 0.533407 0.358136 -0.276571 0.543324 0.38838 -0.43225 0.505192 0.411714 -0.431488 0.487105 0.462133 -0.476736 0.466264 0.452779 -0.4388 0.468433 0.493578 -0.400697 0.482254 0.504163 -0.403052 0.469404 0.527061 -0.290116 0.525372 0.458433 -0.300192 0.527451 0.442537 -0.256143 0.536675 0.440217 -0.226147 0.545684 0.422936 -0.238277 0.557318 0.34293 -0.192858 0.559678 0.361376 -0.0862291 0.575946 0.285779 -0.0120815 0.574248 0.308762 -0.15705 0.559809 0.376115 -0.120008 0.557724 0.394046 0.00479598 0.563198 0.374217 -0.00825522 0.555754 0.410848 0.0492951 0.552782 0.425541 0.0862701 0.54513 0.453965 -0.284436 0.522658 0.465831 -0.313799 0.507907 0.495756 -0.353741 0.485535 0.528431 -0.349084 0.480101 0.53275 -0.401668 0.461882 0.533508 -0.398683 0.453891 0.534429 -0.441073 0.437583 0.520979 -0.495936 0.373626 0.485129 -0.489549 0.366772 0.491801 -0.481742 0.361985 0.495821 -0.501783 0.329425 0.477614 -0.503913 0.296341 0.468236 -0.486746 0.321862 0.480601 -0.497349 0.292638 0.466586 -0.491446 0.292116 0.461876 -0.504007 0.271291 0.462344 -0.498774 0.270553 0.45854 -0.495717 0.270348 0.45285 -0.499367 0.246179 0.46162 -0.496027 0.24592 0.455863 -0.495759 0.24526 0.449409 -0.495852 0.270457 0.44641 -0.498812 0.244191 0.442868 -0.498013 0.270623 0.440326 -0.503912 0.270376 0.432015 -0.507608 0.242369 0.433014 -0.513569 0.268623 0.423213 -0.516623 0.241464 0.426594 -0.522625 0.241135 0.424018 -0.521737 0.266859 0.418778 -0.529153 0.241033 0.422815 -0.528533 0.266076 0.417475 -0.53572 0.241241 0.423907 -0.53543 0.266373 0.418647 -0.535355 0.292141 0.399372 -0.541239 0.267852 0.422473 -0.541148 0.294923 0.404527 -0.544341 0.331228 0.396234 -0.542968 0.298725 0.411857 -0.545363 0.333322 0.40497 -0.552056 0.370163 0.401577 -0.543096 0.335852 0.413382 -0.56186 0.444688 0.370731 -0.566452 0.481341 0.335653 -0.569826 0.473089 0.332819 -0.55881 0.501665 0.288057 -0.561161 0.494035 0.285167 -0.540941 0.519317 0.248122 -0.543704 0.511378 0.245219 -0.515576 0.53418 0.211321 -0.519371 0.52656 0.208059 -0.469512 0.550293 0.164734 -0.4697 0.546565 0.156168 -0.450786 0.555356 0.135296 -0.458013 0.551395 0.134561 -0.461447 0.544337 0.13424 -0.454713 0.553447 0.115822 -0.45932 0.547082 0.116738 -0.459676 0.539385 0.117141 -0.463535 0.54812 0.097565 -0.464701 0.540312 0.0987311 -0.462927 0.532611 0.0985468 -0.478155 0.53881 0.0795358 -0.476865 0.530641 0.0796473 -0.473459 0.523357 0.0778194 -0.499082 0.524916 0.060092 -0.495822 0.517106 0.0585768 -0.49093 0.510595 0.055217 -0.528218 0.505336 0.0350676 -0.522437 0.498516 0.0319739 -0.548384 0.495041 -0.0213089 -0.530983 0.514176 0.0356462 -0.552211 0.50379 -0.0206814 -0.530454 0.523448 0.0336187 -0.551095 0.513237 -0.0201427 -0.52394 0.536446 0.0238174 -0.537407 0.5285 -0.0250568 -0.527356 0.533326 -0.0251435 -0.426776 0.552504 0.00729251 -0.371109 0.561552 0.0429628 -0.377612 0.562744 0.111173 -0.391215 0.559841 0.169324 -0.422331 0.552587 0.20472 -0.453364 0.54384 0.23933 -0.431862 0.535257 0.284376 -0.469154 0.534689 0.277924 -0.431439 0.520481 0.351978 -0.467906 0.50705 0.373075 -0.482237 0.488643 0.405945 -0.511761 0.470496 0.409056 -0.534997 0.47776 0.377988 -0.555836 0.490548 0.337477 -0.545999 0.51138 0.293934 -0.553213 0.507323 0.291173 -0.526698 0.528489 0.255815 -0.535034 0.524874 0.251802 -0.499932 0.542132 0.220826 -0.50925 0.539286 0.215565 -0.471135 0.550843 0.19175 -0.478541 0.54929 0.186314 -0.453212 0.555026 0.160932 -0.446509 0.556043 0.114325 -0.454874 0.553422 0.0791479 -0.458177 0.553449 0.0946913 -0.475821 0.548642 0.0645457 -0.478564 0.545721 0.0742151 -0.499624 0.533483 0.0590018 -0.435113 0.554053 0.0561118 -0.49572 0.533558 0.268114 -0.537309 0.339547 0.423476 -0.540068 0.302396 0.419854 -0.525774 0.307203 0.44108 -0.516318 0.302337 0.458428 -0.507529 0.333978 0.471269 -0.510611 0.298253 0.464826 -0.52712 0.276215 0.457692 -0.511917 0.272737 0.463491 -0.518263 0.244104 0.467478 -0.506533 0.215357 0.470299 -0.504933 0.24591 0.465615 -0.499127 0.212585 0.468951 -0.493572 0.21348 0.464838 -0.479955 0.169426 0.475185 -0.481023 0.181776 0.469436 -0.478957 0.18196 0.462115 -0.490795 0.213364 0.458603 -0.479742 0.181153 0.454478 -0.49106 0.212577 0.451793 -0.483452 0.17936 0.445558 -0.493699 0.211418 0.445435 -0.500974 0.209498 0.436144 -0.495218 0.175881 0.430727 -0.513041 0.208222 0.426468 -0.508914 0.174156 0.420235 -0.516719 0.172924 0.415997 -0.520988 0.207951 0.422475 -0.52518 0.173233 0.414305 -0.528241 0.207642 0.421054 -0.533375 0.172029 0.415444 -0.535459 0.207066 0.422273 -0.53919 0.164416 0.418821 -0.541406 0.206218 0.426421 -0.541198 0.24158 0.427574 -0.544366 0.231723 0.433326 -0.544774 0.270338 0.428301 -0.544946 0.273209 0.434859 -0.542496 0.241521 0.446507 -0.54249 0.27604 0.440883 -0.537202 0.241723 0.455032 -0.536522 0.277472 0.449043 -0.527118 0.242702 0.464177 -0.528091 0.204962 0.462159 -0.512813 0.209239 0.470211 -0.503474 0.173378 0.475355 -0.493328 0.177539 0.476775 -0.481246 0.139947 0.481643 -0.466196 0.133433 0.480831 -0.441659 0.112687 0.475009 -0.436374 0.115815 0.467928 -0.461228 0.149088 0.470344 -0.433448 0.117986 0.459929 -0.459001 0.150915 0.462649 -0.433449 0.118515 0.451378 -0.459367 0.151222 0.454432 -0.437344 0.116874 0.440602 -0.464499 0.148957 0.441169 -0.421686 0.076523 0.437215 -0.415856 0.048773 0.438259 -0.434543 0.0486142 0.417484 -0.416663 0.0346687 0.436677 -0.438309 0.0347378 0.415372 -0.484484 0.0358608 0.379637 -0.497826 0.0413258 0.365348 -0.510992 0.0334701 0.360828 -0.508718 0.0392144 0.357947 -0.494233 0.0277586 0.379084 -0.517766 0.0266468 0.36821 -0.522974 0.030633 0.361206 -0.527829 0.0275887 0.36803 -0.533611 0.0329198 0.366821 -0.528904 0.0357356 0.359825 -0.535624 0.0405087 0.367824 -0.534437 0.0493538 0.37153 -0.524561 0.0535447 0.362546 -0.513947 0.0629664 0.364318 -0.515902 0.0795714 0.377404 -0.506417 0.0793328 0.3764 -0.513929 0.108656 0.39128 -0.502805 0.108258 0.392069 -0.523323 0.106537 0.393507 -0.530557 0.103654 0.398972 -0.534385 0.10091 0.407511 -0.540203 0.142654 0.421707 -0.5385 0.145916 0.43228 -0.543928 0.204339 0.440402 -0.534717 0.164989 0.446915 -0.539044 0.203724 0.450364 -0.523666 0.165551 0.461342 -0.515568 0.168414 0.46876 -0.511279 0.129383 0.463647 -0.500068 0.132815 0.473402 -0.490274 0.136485 0.479304 -0.48715 0.0972354 0.478488 -0.473834 0.101299 0.484184 -0.460881 0.105325 0.485002 -0.471095 0.0680664 0.493102 -0.451196 0.0695301 0.493862 -0.434909 0.0710758 0.48758 -0.453237 0.0453333 0.49924 -0.431622 0.0457444 0.489461 -0.419217 0.0468057 0.477272 -0.424468 0.0734362 0.478389 -0.412734 0.0477692 0.466619 -0.418383 0.0755368 0.469354 -0.410225 0.048537 0.457129 -0.415337 0.0770695 0.460396 -0.411114 0.0487952 0.448164 -0.41563 0.0776037 0.451214 -0.423712 0.0237558 0.435195 -0.426519 0.0166735 0.445175 -0.450029 0.0168932 0.422348 -0.442199 0.0239412 0.418117 -0.506182 0.0233863 0.379382 -0.509396 0.0208334 0.388035 -0.524646 0.0228888 0.379756 -0.534874 0.0245492 0.399172 -0.532312 0.0256086 0.378138 -0.541171 0.0299919 0.392302 -0.538168 0.0308709 0.377346 -0.543869 0.0387031 0.393186 -0.540476 0.0382597 0.377666 -0.539542 0.046392 0.379652 -0.540578 0.0585317 0.401493 -0.534916 0.0732028 0.394561 -0.530207 0.0756723 0.38671 -0.523896 0.0779168 0.380931 -0.535984 0.0748745 0.40849 -0.533264 0.0984361 0.417951 -0.533786 0.0704504 0.421444 -0.528155 0.0961904 0.430546 -0.531242 0.128603 0.438754 -0.517457 0.093793 0.449034 -0.52317 0.127905 0.450038 -0.502417 0.0935987 0.466784 -0.524442 0.0671576 0.447831 -0.509174 0.070418 0.46724 -0.491993 0.070634 0.482185 -0.526538 0.0411338 0.477244 -0.504626 0.0389589 0.493906 -0.479874 0.0464818 0.498987 -0.480392 0.0347954 0.501138 -0.452922 0.0329365 0.498738 -0.480111 0.0243594 0.499772 -0.453595 0.0231387 0.495156 -0.432528 0.0225097 0.480186 -0.431086 0.0322132 0.485621 -0.436291 0.0159262 0.473806 -0.426532 0.0170334 0.461494 -0.444499 0.0129225 0.467641 -0.432274 0.0132615 0.455169 -0.440437 0.0123938 0.447062 -0.456314 0.0162878 0.488148 -0.480676 0.0174213 0.492656 -0.503217 0.0201183 0.488213 -0.505566 0.027394 0.494565 -0.5283 0.0311991 0.477116 -0.523929 0.0234715 0.47288 -0.538783 0.044499 0.446054 -0.54066 0.0350404 0.446236 -0.53356 0.0539074 0.445974 -0.54315 0.046366 0.415834 -0.544446 0.0369333 0.414563 -0.541548 0.0288452 0.4139 -0.53653 0.0266834 0.445122</float_array>
                    <technique_common>
                        <accessor count="1229" source="#NODE9-lib-positions-array" stride="3">
                            <param name="X" type="float" />
                            <param name="Y" type="float" />
                            <param name="Z" type="float" />
                        </accessor>
                    </technique_common>
                </source>
                <source id="NODE9-lib-uv">
                    <float_array id="NODE9-lib-uv-array" count="2712">0.719546 0.351943 0.718201 0.358326 0.726778 0.360024 0.72623 0.351313 0.709123 0.354672 0.721082 0.342887 0.72347 0.372884 0.716342 0.372824 0.718921 0.380021 0.727447 0.376974 0.725081 0.366968 0.716547 0.365271 0.732087 0.36993 0.618944 0.318098 0.617907 0.329801 0.64127 0.336912 0.654044 0.334038 0.637261 0.316561 0.618281 0.297736 0.605076 0.30077 0.899924 0.913781 0.897261 0.907832 0.892419 0.911849 0.896816 0.917992 0.905086 0.914695 0.904109 0.906434 0.902735 0.921751 0.874622 0.923309 0.882222 0.908114 0.866828 0.904618 0.861326 0.921535 0.721616 0.828864 0.754469 0.797602 0.72448 0.794078 0.747341 0.836625 0.761129 0.820568 0.6862 0.815189 0.693236 0.83504 0.303666 0.476855 0.315566 0.493573 0.326085 0.47353 0.295931 0.456465 0.273309 0.543328 0.291009 0.527163 0.288148 0.521752 0.273338 0.531338 0.283694 0.549881 0.294771 0.531126 0.254045 0.529908 0.257263 0.544743 0.98384 0.400247 0.976162 0.384453 0.32164 0.765163 0.321031 0.760093 0.314648 0.760793 0.314396 0.767358 0.321327 0.77114 0.325214 0.767675 0.326466 0.76194 0.241246 0.541368 0.227089 0.520669 0.239132 0.565286 0.255751 0.567023 0.221073 0.527123 0.227531 0.548321 0.907083 0.423524 0.8868 0.425363 0.892048 0.437778 0.910366 0.435952 0.911015 0.404719 0.926887 0.433339 0.920887 0.419173 0.920813 0.392273 0.948101 0.378973 0.694892 0.534892 0.716483 0.558572 0.729376 0.548174 0.713032 0.527338 0.70407 0.502546 0.686855 0.50526 0.692764 0.56083 0.918771 0.389061 0.924119 0.39158 0.92259 0.385083 0.189427 0.762887 0.195032 0.761019 0.189977 0.75926 0.923688 0.379495 0.920388 0.381004 0.926908 0.382836 0.227785 0.475209 0.227889 0.458385 0.220705 0.490352 0.234232 0.496835 0.209538 0.475201 0.642967 0.638171 0.65409 0.666681 0.670484 0.666577 0.664139 0.644346 0.668572 0.623618 0.636694 0.603687 0.609109 0.659371 0.635857 0.673739 0.594865 0.639836 0.580793 0.8098 0.558873 0.819149 0.581679 0.828079 0.282561 0.313634 0.307447 0.333664 0.32388 0.31385 0.328062 0.284294 0.264466 0.271987 0.242091 0.305821 0.558124 0.692553 0.554538 0.645185 0.0871596 0.330751 0.11165 0.311756 0.0914492 0.311981 0.0890868 0.353483 0.0677921 0.319437 0.502057 0.43954 0.536933 0.439252 0.523707 0.427817 0.506146 0.459053 0.501368 0.424219 0.330987 0.0290557 0.296907 0.0442218 0.321436 0.0472646 0.39323 0.789193 0.387256 0.798077 0.39784 0.796712 0.400573 0.787588 0.392277 0.779105 0.384956 0.784925 0.390612 0.764648 0.383478 0.768882 0.378225 0.792161 0.394868 0.802888 0.381977 0.806234 0.391104 0.808766 0.388751 0.812779 0.409784 0.813352 0.402241 0.808148 0.405604 0.801879 0.414835 0.806699 0.418152 0.799623 0.413288 0.793475 0.412944 0.784371 0.414716 0.771549 0.401596 0.774383 0.416844 0.754869 0.418651 0.736288 0.399703 0.738303 0.387316 0.746281 0.381083 0.727757 0.370515 0.73302 0.378966 0.750505 0.36264 0.736849 0.372133 0.754627 0.356027 0.739873 0.366097 0.758798 0.37251 0.776605 0.361283 0.764793 0.373685 0.797185 0.363943 0.786131 0.370659 0.801859 0.378185 0.811826 0.385897 0.816707 0.339442 0.0148337 0.325454 0.0138212 0.323556 0.0187919 0.334606 0.0221007 0.344797 0.0240199 0.347943 0.0205469 0.34097 0.0295884 0.352082 0.042372 0.353544 0.029327 0.395318 0.819058 0.3581 0.0391172 0.405597 0.820108 0.414704 0.821809 0.420786 0.81506 0.425846 0.808514 0.431994 0.798177 0.429886 0.819485 0.435469 0.813389 0.440627 0.80717 0.447082 0.798256 0.446186 0.822912 0.450631 0.816413 0.455966 0.810706 0.462084 0.804761 0.475407 0.840457 0.473099 0.801331 0.482811 0.837775 0.488032 0.831779 0.492574 0.822995 0.505738 0.838088 0.536724 0.822783 0.503861 0.783134 0.520474 0.85289 0.524166 0.775555 0.540592 0.864976 0.552602 0.835987 0.568491 0.860638 0.572304 0.845362 0.590818 0.876484 0.597582 0.84449 0.633003 0.834479 0.625501 0.815749 0.610105 0.797749 0.638137 0.786569 0.615664 0.768935 0.55638 0.762407 0.551517 0.737007 0.514975 0.754986 0.491295 0.744551 0.476716 0.75882 0.457716 0.785619 0.450173 0.76368 0.441772 0.777563 0.437568 0.786938 0.432959 0.755578 0.451015 0.743289 0.42054 0.718485 0.41428 0.671546 0.401675 0.702563 0.38585 0.68277 0.372967 0.709781 0.371963 0.685567 0.362005 0.688782 0.364511 0.712303 0.357756 0.714693 0.351047 0.693901 0.351196 0.717104 0.350041 0.742379 0.344665 0.719004 0.344229 0.745071 0.356181 0.768146 0.285954 0.019086 0.258626 0.0205457 0.260037 0.0266724 0.285222 0.025548 0.305011 0.0224748 0.306877 0.0163288 0.285002 0.03233 0.304201 0.0289186 0.321935 0.0237964 0.304101 0.0354564 0.285165 0.0393251 0.285966 0.0852294 0.341019 0.0477526 0.326721 0.0638913 0.352113 0.062413 0.347672 0.0500189 0.363588 0.0708135 0.367063 0.0625687 0.358389 0.0554574 0.38857 0.0780143 0.379581 0.067076 0.381586 0.0582695 0.370513 0.0533183 0.409369 0.0741736 0.397986 0.0627897 0.445674 0.84281 0.439794 0.827632 0.433042 0.831955 0.41614 0.0676702 0.459589 0.854804 0.464993 0.850283 0.470214 0.84551 0.475129 0.869291 0.47987 0.86496 0.484524 0.860551 0.48921 0.85585 0.499759 0.881879 0.503782 0.877167 0.507444 0.87197 0.511331 0.866517 0.526545 0.891833 0.52969 0.886308 0.532955 0.880444 0.53653 0.873601 0.515518 0.860379 0.555177 0.896351 0.557806 0.889857 0.563001 0.882717 0.564124 0.873241 0.586204 0.894478 0.616759 0.887194 0.618989 0.87512 0.621009 0.85746 0.643927 0.887376 0.644839 0.851467 0.667877 0.842877 0.656084 0.803715 0.67759 0.79458 0.66036 0.771286 0.630026 0.757536 0.648367 0.727227 0.594591 0.728653 0.576287 0.742835 0.58924 0.702232 0.525958 0.726257 0.463697 0.578018 0.386214 0.659087 0.368424 0.637454 0.366621 0.661443 0.353207 0.639206 0.35435 0.664537 0.343475 0.6396 0.346278 0.666903 0.335164 0.64031 0.339069 0.66918 0.327466 0.641343 0.332302 0.671734 0.345081 0.69742 0.215663 0.0466444 0.18652 0.0495706 0.189202 0.0559583 0.21777 0.0529569 0.237343 0.0402656 0.234864 0.0344057 0.220045 0.0595092 0.239839 0.0465946 0.261371 0.0330348 0.242423 0.0530241 0.263014 0.0404111 0.246126 0.0610203 0.269059 0.0644189 0.248147 0.103262 0.304651 0.0975013 0.344444 0.0898699 0.329695 0.11921 0.380701 0.109134 0.41352 0.083569 0.452542 0.0887941 0.43672 0.078011 0.437705 0.0707636 0.46239 0.0834849 0.464589 0.0770057 0.495464 0.886289 0.488672 0.0948867 0.491925 0.0888311 0.519196 0.902138 0.522934 0.896993 0.547922 0.913747 0.550184 0.908181 0.552602 0.902406 0.581079 0.913639 0.582752 0.907442 0.584448 0.901123 0.612244 0.910696 0.613867 0.903692 0.615293 0.896115 0.642217 0.908196 0.643001 0.898998 0.685625 0.893378 0.69032 0.878277 0.669242 0.863719 0.69401 0.856711 0.716597 0.874284 0.73899 0.886192 0.741034 0.856423 0.76029 0.886288 0.761354 0.863634 0.769292 0.845249 0.789347 0.855052 0.79985 0.845138 0.790716 0.823966 0.782531 0.87029 0.807532 0.878483 0.811844 0.868393 0.782543 0.889145 0.805755 0.886762 0.8338 0.881949 0.804939 0.894035 0.845143 0.910869 0.805284 0.901517 0.844596 0.917906 0.861463 0.927905 0.824729 0.914336 0.843381 0.923766 0.862209 0.933411 0.87987 0.937058 0.877473 0.931435 0.842605 0.929609 0.863156 0.938637 0.882406 0.942729 0.895416 0.939664 0.891469 0.934053 0.863638 0.943782 0.884831 0.948513 0.899408 0.945273 0.909409 0.937115 0.904057 0.932657 0.740069 0.352088 0.734536 0.339138 0.728173 0.340868 0.733328 0.351635 0.733969 0.361535 0.740702 0.363789 0.738214 0.373792 0.915008 0.926764 0.917318 0.91596 0.911162 0.915259 0.909173 0.924318 0.732692 0.381343 0.898782 0.92813 0.893198 0.92289 0.887281 0.927965 0.888135 0.916183 0.887521 0.903607 0.876011 0.89375 0.871479 0.898414 0.857591 0.885564 0.853698 0.89244 0.837881 0.87543 0.817899 0.861309 0.842432 0.870204 0.824506 0.855776 0.808186 0.838908 0.831605 0.851032 0.816091 0.833611 0.799447 0.81712 0.781509 0.803092 0.77334 0.81 0.764054 0.789508 0.747946 0.77447 0.739467 0.781893 0.720543 0.741547 0.706661 0.741829 0.689754 0.761515 0.669258 0.745062 0.64587 0.699469 0.591856 0.670719 0.574942 0.66451 0.563665 0.620093 0.52341 0.590256 0.472815 0.558333 0.411373 0.596018 0.395742 0.61927 0.386155 0.592688 0.367467 0.587912 0.360199 0.614313 0.350696 0.612385 0.355632 0.584702 0.342439 0.610841 0.347886 0.58258 0.334646 0.609346 0.134731 0.0858116 0.118076 0.110737 0.123988 0.115368 0.140322 0.0903934 0.162727 0.0687807 0.158332 0.0630155 0.145916 0.0952324 0.16705 0.0745758 0.192556 0.0624439 0.171388 0.080564 0.195989 0.06927 0.222577 0.0661768 0.199801 0.0775625 0.226692 0.0761901 0.215128 0.104343 0.255293 0.139603 0.27728 0.118228 0.341398 0.169681 0.369594 0.148015 0.402579 0.111887 0.44221 0.151459 0.467841 0.129702 0.443759 0.104406 0.45717 0.09759 0.48077 0.110537 0.485517 0.101294 0.504184 0.125794 0.513078 0.114296 0.516999 0.108975 0.530014 0.141129 0.55198 0.15615 0.540768 0.131897 0.579342 0.919807 0.55979 0.154855 0.608435 0.923904 0.610418 0.917442 0.6386 0.930825 0.639843 0.923525 0.641134 0.916129 0.668295 0.923084 0.66844 0.914766 0.668817 0.905609 0.694256 0.912303 0.693912 0.903345 0.718089 0.901147 0.717334 0.89102 0.740774 0.900495 0.762458 0.899122 0.783612 0.898533 0.764458 0.907081 0.784797 0.906257 0.80482 0.908683 0.786207 0.913877 0.805077 0.916025 0.824222 0.920899 0.805379 0.923457 0.824057 0.927629 0.842233 0.935212 0.695947 0.323108 0.678175 0.317651 0.675904 0.322722 0.713741 0.330859 0.71747 0.326922 0.690209 0.332664 0.708983 0.335623 0.682895 0.337335 0.703171 0.341881 0.683642 0.345752 0.698261 0.350622 0.672012 0.348255 0.695666 0.360037 0.707405 0.362805 0.69474 0.368436 0.707326 0.371599 0.694226 0.37571 0.708706 0.380126 0.693716 0.382371 0.711758 0.387325 0.723573 0.386229 0.916568 0.903722 0.910785 0.891874 0.904753 0.894493 0.910248 0.905013 0.898847 0.897075 0.889838 0.883098 0.885231 0.886374 0.880545 0.889808 0.892951 0.899949 0.865912 0.876292 0.86152 0.880742 0.847914 0.865512 0.870951 0.872324 0.854213 0.861296 0.838879 0.846848 0.860856 0.85739 0.846262 0.84301 0.831051 0.824068 0.823712 0.82872 0.813927 0.805696 0.806945 0.811298 0.796124 0.79049 0.789071 0.796678 0.77868 0.775703 0.76253 0.774239 0.75735 0.755492 0.730097 0.73844 0.73461 0.729174 0.710445 0.712336 0.705163 0.720642 0.667279 0.69091 0.681877 0.686811 0.69119 0.683861 0.683731 0.666379 0.69983 0.680939 0.693344 0.665534 0.691538 0.651658 0.679814 0.64875 0.693703 0.638142 0.683143 0.631636 0.701294 0.62357 0.701132 0.607147 0.678401 0.604939 0.651419 0.586704 0.677479 0.576415 0.668671 0.533483 0.638261 0.556022 0.6228 0.574572 0.587493 0.614897 0.599942 0.558943 0.567939 0.579119 0.554871 0.591533 0.536802 0.559597 0.513367 0.564012 0.49057 0.542409 0.466217 0.524869 0.452765 0.54532 0.442206 0.563269 0.430383 0.540699 0.413876 0.57445 0.404673 0.544559 0.395769 0.567731 0.388072 0.537789 0.371594 0.560289 0.378418 0.533572 0.370721 0.529944 0.362759 0.558015 0.363548 0.526712 0.355037 0.556328 0.09989 0.131101 0.0788285 0.153138 0.0847526 0.157142 0.0907803 0.16091 0.130023 0.119816 0.132267 0.128684 0.15154 0.100649 0.156372 0.108965 0.176595 0.0877011 0.190729 0.111147 0.20448 0.13091 0.209294 0.159734 0.242974 0.191512 0.324078 0.183603 0.37665 0.183585 0.397293 0.150203 0.424094 0.170277 0.487799 0.144334 0.52571 0.181731 0.521025 0.150896 0.548768 0.164078 0.562174 0.188969 0.569937 0.183496 0.576267 0.179454 0.582481 0.175777 0.583166 0.208894 0.589581 0.205309 0.596134 0.201938 0.668297 0.930847 0.602223 0.229027 0.609077 0.22586 0.696013 0.928477 0.694991 0.920505 0.72178 0.926303 0.720386 0.918332 0.719171 0.909972 0.744526 0.917171 0.742509 0.909019 0.766785 0.914878 0.746732 0.924785 0.769417 0.92244 0.787743 0.921645 0.64862 0.300826 0.637629 0.287767 0.631675 0.291542 0.642737 0.309893 0.657916 0.315059 0.661883 0.310492 0.671842 0.327417 0.640702 0.343217 0.661783 0.349634 0.679458 0.358493 0.660808 0.355358 0.677591 0.364395 0.659976 0.361429 0.67598 0.370468 0.876528 0.868507 0.895273 0.880048 0.640871 0.349831 0.641416 0.356392 0.617347 0.338868 0.618324 0.346476 0.619336 0.353907 0.594062 0.337856 0.595513 0.345851 0.596363 0.353735 0.571896 0.338331 0.573185 0.34666 0.574472 0.354861 0.55002 0.344548 0.551582 0.352779 0.553349 0.36105 0.514332 0.352558 0.529939 0.358362 0.524465 0.368385 0.500861 0.364535 0.485237 0.359686 0.48924 0.376129 0.463994 0.366183 0.466151 0.374055 0.458625 0.385313 0.427476 0.389406 0.716251 0.705243 0.429394 0.397346 0.443126 0.37368 0.423509 0.382386 0.406795 0.39275 0.410528 0.399867 0.414004 0.407015 0.394368 0.40431 0.398721 0.410846 0.403156 0.417349 0.384932 0.417603 0.389863 0.42357 0.394989 0.429282 0.376488 0.434301 0.381546 0.439348 0.386741 0.444426 0.368931 0.45273 0.378046 0.461025 0.713763 0.610704 0.361217 0.472333 0.369151 0.47924 0.729097 0.598837 0.71972 0.587506 0.746496 0.587498 0.74519 0.566188 0.76394 0.575376 0.774402 0.559046 0.759511 0.550676 0.742458 0.537196 0.771151 0.535805 0.756466 0.525633 0.743779 0.511091 0.727973 0.520944 0.736517 0.492376 0.719933 0.498249 0.698766 0.477324 0.715585 0.459658 0.696388 0.458528 0.675951 0.461255 0.68078 0.478368 0.655599 0.464417 0.661334 0.478911 0.666987 0.502274 0.641951 0.480616 0.646949 0.499186 0.647148 0.518909 0.643606 0.537502 0.607151 0.49519 0.620786 0.530184 0.605002 0.542302 0.602972 0.507379 0.597909 0.521675 0.568308 0.505255 0.55759 0.517089 0.543693 0.526844 0.513919 0.506949 0.491566 0.494643 0.472326 0.479647 0.458674 0.495378 0.446583 0.513603 0.416348 0.488534 0.40383 0.514067 0.406661 0.48172 0.394609 0.508457 0.399227 0.476699 0.387014 0.504263 0.392652 0.472322 0.379971 0.500708 0.0638645 0.179658 0.048183 0.205549 0.0543154 0.208272 0.0702838 0.182645 0.0603815 0.21086 0.076817 0.185834 0.0666571 0.213477 0.0833735 0.189171 0.0972268 0.164604 0.101335 0.17308 0.123224 0.150142 0.135774 0.167024 0.14141 0.185353 0.187713 0.192544 0.252089 0.235376 0.305442 0.232133 0.355668 0.197049 0.401578 0.214735 0.424701 0.201079 0.460026 0.174847 0.477537 0.212714 0.500422 0.182127 0.507888 0.221849 0.540143 0.205839 0.57595 0.212868 0.594936 0.232528 0.590963 0.260657 0.604582 0.25502 0.611268 0.251808 0.618083 0.248832 0.615341 0.275793 0.621691 0.272744 0.627903 0.269602 0.625998 0.295407 0.608225 0.278994 0.598387 0.281632 0.573184 0.264411 0.579163 0.282915 0.583786 0.300543 0.560679 0.301722 0.567048 0.31899 0.591211 0.315879 0.570084 0.329578 0.593407 0.327928 0.548226 0.335399 0.524234 0.330602 0.504622 0.345453 0.483136 0.35139 0.442517 0.356957 0.461823 0.358491 0.440627 0.366274 0.417766 0.367309 0.42069 0.375106 0.399639 0.378901 0.403128 0.385768 0.385413 0.391362 0.389873 0.397818 0.375078 0.405628 0.380072 0.411529 0.366425 0.424189 0.371544 0.429306 0.35871 0.444032 0.363618 0.448174 0.350975 0.466117 0.35595 0.468276 0.340536 0.511127 0.359539 0.498501 0.347899 0.517092 0.327666 0.528381 0.336208 0.53301 0.313389 0.543618 0.318451 0.54615 0.323715 0.548965 0.30776 0.562952 0.313072 0.565704 0.782201 0.540852 0.790793 0.523807 0.783061 0.519885 0.800757 0.506603 0.786522 0.499251 0.771823 0.513366 0.776747 0.490122 0.760317 0.501437 0.771651 0.477727 0.753762 0.485503 0.770637 0.468098 0.770129 0.46074 0.752537 0.462159 0.733984 0.461146 0.19061 0.541313 0.196957 0.559783 0.202839 0.55737 0.195962 0.538717 0.186998 0.520837 0.181665 0.524332 0.201068 0.53628 0.191312 0.518151 0.175682 0.503195 0.171351 0.507493 0.161176 0.462874 0.15482 0.462846 0.159576 0.489861 0.150622 0.47046 0.147441 0.425037 0.143213 0.451617 0.636651 0.469132 0.141766 0.429612 0.135839 0.434606 0.61926 0.472698 0.623157 0.483541 0.605168 0.47215 0.605455 0.483264 0.590989 0.478131 0.587074 0.488047 0.582102 0.49864 0.57307 0.477477 0.565844 0.486045 0.553491 0.471395 0.52935 0.493114 0.519145 0.474146 0.48794 0.467508 0.475525 0.430371 0.460753 0.460295 0.452399 0.44399 0.433319 0.466101 0.446899 0.434052 0.425556 0.457919 0.442556 0.425998 0.419587 0.451445 0.4385 0.419012 0.414341 0.445641 0.035448 0.23557 0.0236546 0.267942 0.0300719 0.26843 0.0416586 0.237538 0.0363075 0.26872 0.048015 0.239486 0.0427622 0.26915 0.0546677 0.241125 0.0498554 0.269631 0.0616128 0.242572 0.0734961 0.216175 0.0706207 0.244685 0.0941281 0.200981 0.131644 0.211897 0.181187 0.233929 0.227696 0.253309 0.277221 0.251341 0.333843 0.246903 0.383454 0.231739 0.360922 0.261555 0.408445 0.25239 0.448967 0.217972 0.443497 0.256082 0.463472 0.238309 0.495622 0.245974 0.50531 0.269189 0.551599 0.269078 0.565621 0.243825 0.532107 0.283596 0.496867 0.314676 0.471021 0.31275 0.417259 0.346344 0.395846 0.371712 0.380903 0.384685 0.364653 0.395011 0.37006 0.400023 0.35447 0.421988 0.361162 0.419366 0.35381 0.440041 0.342317 0.457789 0.346999 0.461171 0.335446 0.479481 0.339424 0.482211 0.328189 0.502995 0.3317 0.50526 0.33531 0.507545 0.317722 0.523028 0.321725 0.525338 0.303399 0.537923 0.308356 0.540944 0.291265 0.554254 0.296848 0.557104 0.302413 0.559939 0.289083 0.576161 0.293401 0.580896 0.286429 0.615118 0.296339 0.603599 0.30427 0.584561 0.290083 0.620714 0.810183 0.489432 0.819487 0.475172 0.801507 0.485664 0.808345 0.467069 0.789992 0.471495 0.806089 0.456883 0.806556 0.450624 0.787691 0.456521 0.206308 0.596834 0.211808 0.617388 0.2165 0.61572 0.211522 0.594912 0.207983 0.575576 0.202342 0.57782 0.216688 0.593367 0.21376 0.573577 0.208683 0.555273 0.219514 0.571744 0.214461 0.553145 0.206164 0.534085 0.220545 0.550933 0.211312 0.532066 0.199755 0.51349 0.195589 0.515765 0.18688 0.493596 0.183256 0.496571 0.177181 0.474174 0.172932 0.477516 0.169854 0.453755 0.165204 0.457534 0.159035 0.416039 0.153206 0.420434 0.145075 0.407914 0.135848 0.41611 0.129471 0.421081 0.132542 0.402374 0.123061 0.410842 0.59429 0.468552 0.120313 0.396616 0.11505 0.402276 0.585127 0.461992 0.579273 0.469643 0.577001 0.451792 0.569971 0.457392 0.562628 0.463567 0.562799 0.442308 0.555029 0.447319 0.546326 0.454116 0.548754 0.429257 0.55556 0.423696 0.534884 0.408992 0.531889 0.41572 0.503013 0.413969 0.503807 0.405802 0.471796 0.409409 0.473397 0.418659 0.53808 0.403125 0.504882 0.398779 0.470358 0.401457 0.0244946 0.302425 0.0346714 0.333568 0.0394715 0.331069 0.030549 0.300801 0.044405 0.328836 0.0363856 0.299434 0.0495089 0.326809 0.042273 0.298211 0.0548435 0.324644 0.0483902 0.297278 0.0606517 0.322292 0.0552897 0.296324 0.0576011 0.270197 0.066365 0.283962 0.11654 0.231977 0.100474 0.272997 0.161968 0.251 0.149819 0.277126 0.196841 0.271281 0.208991 0.303796 0.224017 0.288598 0.211998 0.335285 0.234789 0.344003 0.235616 0.374964 0.28061 0.357601 0.249324 0.416292 0.282103 0.39476 0.277009 0.4247 0.313377 0.408688 0.267651 0.475361 0.27917 0.497848 0.265594 0.516336 0.28604 0.5139 0.299109 0.50289 0.306786 0.513247 0.331498 0.450646 0.320297 0.443651 0.342833 0.431945 0.351407 0.411075 0.312849 0.374559 0.337464 0.363825 0.348076 0.296181 0.384064 0.271939 0.359485 0.353371 0.384315 0.342553 0.418252 0.282265 0.431006 0.296804 0.455341 0.277349 0.479064 0.270054 0.337542 0.454645 0.331333 0.47695 0.321172 0.498521 0.32472 0.500732 0.3105 0.517286 0.31395 0.520369 0.2988 0.534742 0.272861 0.567605 0.278494 0.571123 0.283879 0.573607 0.272068 0.591184 0.271268 0.611837 0.281741 0.595976 0.275661 0.614673 0.280426 0.616521 0.271707 0.630323 0.275924 0.631349 0.280163 0.632459 0.274564 0.647485 0.278533 0.647406 0.282519 0.647297 0.28439 0.633835 0.830134 0.467156 0.842152 0.462454 0.841166 0.458675 0.827802 0.464395 0.824987 0.459837 0.839143 0.45212 0.823153 0.453323 0.837061 0.446849 0.835578 0.443738 0.823022 0.448305 0.218693 0.634108 0.221165 0.648349 0.225224 0.64831 0.223012 0.632721 0.229209 0.648169 0.22732 0.631446 0.221016 0.614129 0.231527 0.630233 0.225461 0.612107 0.221875 0.591863 0.23008 0.610052 0.227231 0.590227 0.225758 0.569825 0.232645 0.588545 0.216305 0.52983 0.207434 0.507271 0.203368 0.510815 0.194519 0.487659 0.19059 0.490566 0.185964 0.467901 0.181534 0.470973 0.179464 0.446894 0.174552 0.450305 0.171817 0.411708 0.164937 0.411396 0.164558 0.389846 0.158514 0.39551 0.152931 0.40076 0.150897 0.383324 0.145679 0.389261 0.140214 0.394983 0.135273 0.379425 0.130301 0.38552 0.125356 0.391117 0.117193 0.377396 0.1129 0.383126 0.108609 0.38872 0.104108 0.394421 0.0968108 0.376715 0.0932337 0.382091 0.0898118 0.387365 0.569805 0.438105 0.0742401 0.373943 0.0708131 0.378573 0.561166 0.41948 0.0537616 0.357805 0.0497651 0.361421 0.0777346 0.369592 0.0578908 0.354395 0.08112 0.365063 0.0621967 0.351097 0.0852688 0.35773 0.068381 0.344168 0.0735777 0.339907 0.129924 0.318617 0.164638 0.31608 0.188867 0.3445 0.207281 0.371781 0.210365 0.397216 0.213246 0.42167 0.234394 0.426312 0.22141 0.439786 0.253751 0.450551 0.249392 0.474539 0.252793 0.496397 0.245974 0.513912 0.231087 0.509239 0.213252 0.500997 0.202777 0.48142 0.198509 0.484624 0.195808 0.461053 0.190542 0.464644 0.190838 0.439369 0.184464 0.443488 0.187166 0.418419 0.180566 0.421826 0.178023 0.400503 0.156388 0.376969 0.137477 0.36173 0.139787 0.373174 0.11989 0.36311 0.119122 0.3709 0.100313 0.371349 0.141695 0.341106 0.210093 0.448986 0.239694 0.586253 0.235291 0.608005 0.249596 0.604758 0.260756 0.608103 0.266735 0.58866 0.266369 0.610654 0.256608 0.626671 0.266551 0.629109 0.262904 0.648567 0.26855 0.666463 0.270582 0.647701 0.272849 0.668187 0.276875 0.667267 0.280672 0.693941 0.282166 0.686377 0.286417 0.684617 0.280927 0.666306 0.290608 0.682579 0.28506 0.665134 0.85831 0.457569 0.875205 0.455287 0.875144 0.44971 0.857928 0.453845 0.856639 0.447749 0.873363 0.43982 0.85341 0.440457 0.869546 0.432035 0.867064 0.427991 0.850943 0.436541 0.219467 0.666389 0.214451 0.68531 0.219345 0.686727 0.22368 0.667386 0.224017 0.688296 0.227851 0.668306 0.227873 0.692802 0.231954 0.669147 0.233149 0.647997 0.236754 0.654054 0.235668 0.628958 0.239672 0.627678 0.24456 0.648658 0.24354 0.626299 0.250065 0.648993 0.249315 0.625723 0.257605 0.649008 0.254997 0.671663 0.264759 0.669975 0.267497 0.691321 0.27361 0.689409 0.27687 0.710252 0.28491 0.713678 0.297922 0.723988 0.302839 0.722018 0.291101 0.704745 0.307417 0.720184 0.295357 0.702376 0.311802 0.71853 0.299519 0.699955 0.893597 0.454513 0.914504 0.452838 0.912929 0.446662 0.893105 0.446326 0.931465 0.442012 0.944355 0.437933 0.936005 0.427246 0.950046 0.433357 0.941601 0.422219 0.933558 0.403544 0.928236 0.39661 0.930604 0.387355 0.927363 0.38884 0.937641 0.397416 0.935595 0.38364 0.931311 0.379742 0.93477 0.377409 0.931806 0.37305 0.927891 0.375327 0.194217 0.766755 0.198639 0.768471 0.201789 0.763583 0.204455 0.757184 0.19618 0.755057 0.191591 0.74974 0.914326 0.387964 0.19968 0.737598 0.193506 0.738128 0.90887 0.397447 0.204974 0.721239 0.198569 0.720494 0.897654 0.409789 0.210946 0.722962 0.216954 0.724889 0.223206 0.726531 0.230403 0.704669 0.236493 0.703245 0.240112 0.670709 0.244729 0.693598 0.2462 0.671559 0.254071 0.694329 0.25968 0.693364 0.257375 0.714134 0.26498 0.713028 0.271354 0.711648 0.270398 0.730268 0.27849 0.729155 0.28571 0.727656 0.28017 0.744793 0.289385 0.743891 0.297432 0.742811 0.28964 0.755472 0.29955 0.75463 0.307448 0.753615 0.304329 0.741594 0.313906 0.753028 0.310188 0.740566 0.319647 0.753118 0.315565 0.739944 0.325374 0.754847 0.32097 0.73998 0.936151 0.448761 0.949255 0.442257 0.954603 0.438125 0.958918 0.434477 0.953381 0.427541 0.960211 0.42661 0.952106 0.41487 0.947204 0.418685 0.940344 0.390706 0.944712 0.388624 0.941391 0.380177 0.949568 0.374504 0.939574 0.375357 0.94482 0.369865 0.937299 0.371013 0.204682 0.769699 0.212746 0.7703 0.215999 0.764061 0.207559 0.764578 0.209749 0.758902 0.221562 0.75077 0.217045 0.741348 0.211138 0.739719 0.205452 0.738399 0.225087 0.740583 0.230174 0.728079 0.233063 0.743002 0.238212 0.729914 0.241499 0.713018 0.248906 0.731049 0.248737 0.714137 0.260448 0.731298 0.246009 0.744765 0.257992 0.743271 0.269238 0.743635 0.256074 0.7622 0.268171 0.762121 0.278479 0.75592 0.279526 0.763008 0.291122 0.762517 0.280726 0.769383 0.292688 0.768703 0.304137 0.768698 0.301745 0.762203 0.307273 0.774371 0.315857 0.773415 0.968404 0.430056 0.975633 0.426809 0.973923 0.421216 0.966348 0.42507 0.963362 0.432264 0.963439 0.419845 0.984841 0.418606 0.989484 0.406999 0.989341 0.395291 0.28144 0.775304 0.29422 0.774963 0.268919 0.76911 0.269689 0.77519 0.256045 0.768388 0.256546 0.774379 0.241879 0.760615 0.241184 0.766937 0.243177 0.753715 0.228132 0.758918 0.226408 0.765334 0.224186 0.771099 0.240817 0.772726 0.970585 0.375155 0.955506 0.37066 0.983403 0.383608 0.423267 0.825298 0.363249 0.0471593</float_array>
                    <technique_common>
                        <accessor count="1356" source="#NODE9-lib-uv-array" stride="2">
                            <param name="S" type="float" />
                            <param name="T" type="float" />
                        </accessor>
                    </technique_common>
                </source>
                <vertices id="NODE9-lib-vertices">
                    <input semantic="POSITION" source="#NODE9-lib-positions" />
                </vertices>
                <triangles count="2454" material="MAT">
                    <input offset="0" semantic="VERTEX" source="#NODE9-lib-vertices" set="0" />
                    <input offset="1" semantic="TEXCOORD" source="#NODE9-lib-uv" set="0" />
                    <p>0 0 1 1 2 2 0 0 2 2 3 3 0 0 4 4 1 1 0 0 3 3 5 5 6 6 7 7 8 8 6 6 8 8 9 9 6 6 10 10 11 11 6 6 11 11 7 7 6 6 9 9 12 12 6 6 12 12 10 10 13 13 14 14 15 15 13 13 15 15 16 16 13 13 16 16 17 17 13 13 17 17 18 18 13 13 18 18 19 19 20 20 21 21 22 22 20 20 22 22 23 23 20 20 24 24 25 25 20 20 25 25 21 21 20 20 23 23 26 26 20 20 26 26 24 24 27 27 28 28 29 29 27 27 29 29 30 30 31 31 32 32 33 33 31 31 34 34 35 35 31 31 35 35 32 32 31 31 33 33 36 36 31 31 36 36 37 37 38 38 39 39 40 40 38 38 40 40 41 41 42 42 43 43 44 44 42 42 44 44 45 45 42 42 46 46 47 47 42 42 47 47 43 43 42 42 45 45 48 48 42 42 48 48 49 49 52 52 53 53 54 54 52 52 54 54 55 55 52 52 55 55 56 56 52 52 56 56 57 57 52 52 57 57 58 58 52 52 58 58 53 53 59 59 48 48 60 60 59 59 49 49 48 48 59 59 61 61 62 62 59 59 62 62 49 49 59 59 60 60 63 63 59 59 63 63 64 64 59 59 64 64 61 61 65 65 66 66 67 67 65 65 67 67 68 68 65 65 69 69 66 66 65 65 68 68 70 70 65 65 70 70 71 71 65 65 72 72 69 69 74 74 75 75 76 76 74 74 76 76 77 77 74 74 77 77 78 78 74 74 78 78 79 79 74 74 80 80 75 75 72 72 82 82 83 83 72 72 83 83 81 81 84 84 85 85 86 86 84 87 86 88 83 83 84 87 83 83 87 89 88 90 90 92 91 93 88 90 89 91 92 94 88 90 92 94 90 92 93 95 94 96 95 97 93 95 95 97 96 98 93 95 96 98 97 99 93 95 97 99 98 100 93 95 99 101 100 102 93 95 100 102 94 96 93 95 98 100 101 103 93 95 101 103 99 101 102 104 103 105 104 106 105 107 106 108 107 109 105 107 107 109 108 110 105 107 109 111 110 112 105 107 108 110 109 111 113 115 114 116 115 117 113 115 115 117 117 119 118 120 119 121 120 122 118 120 121 123 119 121 118 120 120 122 122 124 123 125 124 126 125 127 126 128 127 129 128 130 126 128 128 130 129 131 126 128 130 132 131 133 126 128 131 133 127 129 131 133 130 132 132 134 131 133 132 134 133 135 131 133 134 136 127 129 127 129 135 137 128 130 127 129 134 136 136 138 127 129 136 138 137 139 127 129 137 139 135 137 137 139 136 138 138 140 137 139 138 140 139 141 137 139 139 141 140 142 137 139 140 142 141 143 137 139 141 143 135 137 141 143 140 142 142 144 141 143 142 144 143 145 141 143 143 145 144 146 141 143 144 146 128 130 141 143 128 130 135 137 144 146 145 147 129 131 144 146 129 131 128 130 145 147 146 148 147 149 145 147 147 149 129 131 147 149 146 148 148 150 147 149 132 134 130 132 147 149 130 132 126 128 147 149 126 128 129 131 147 149 148 150 149 151 147 149 149 151 150 152 147 149 150 152 151 153 147 149 151 153 132 134 151 153 150 152 152 154 151 153 152 154 153 155 151 153 153 155 154 156 151 153 154 156 133 135 151 153 133 135 132 134 154 156 153 155 155 157 154 156 155 157 156 158 154 156 156 158 131 133 154 156 131 133 133 135 156 158 155 157 157 159 156 158 157 159 158 160 156 158 158 160 159 161 156 158 159 161 131 133 159 161 134 136 131 133 159 161 158 160 160 162 159 161 160 162 161 163 159 161 161 163 134 136 161 163 136 138 134 136 161 163 160 162 162 164 161 163 162 164 163 165 161 163 163 165 164 166 161 163 164 166 136 138 164 166 165 167 138 140 164 166 138 140 136 138 164 168 163 169 166 170 164 168 166 170 167 171 164 168 167 171 168 172 164 168 168 172 165 173 168 172 167 171 169 174 168 172 169 174 170 175 168 172 170 175 171 176 168 172 171 176 165 173 171 177 139 141 138 140 171 177 138 140 165 167 171 176 170 175 172 178 171 177 172 179 139 141 139 141 142 144 140 142 139 141 172 179 173 180 139 141 173 180 174 181 139 141 174 181 175 182 139 141 175 182 142 144 175 182 176 183 143 145 175 182 143 145 142 144 175 182 174 181 177 184 175 182 177 184 178 185 175 182 178 185 179 186 175 182 179 186 176 183 179 186 180 187 176 183 179 186 178 185 181 188 179 186 181 188 182 189 179 186 182 189 183 190 179 186 183 190 180 187 183 190 184 191 180 187 183 190 182 189 185 192 184 191 183 190 187 194 184 191 187 194 188 195 184 191 188 195 189 196 184 191 189 196 186 193 189 196 188 195 190 197 190 197 191 198 192 199 190 197 192 199 189 196 190 197 193 200 191 198 191 198 193 200 195 202 191 198 195 202 196 203 191 198 196 203 103 105 191 198 103 105 194 201 196 203 195 202 197 204 196 203 197 204 198 205 196 203 198 205 104 106 196 203 104 106 103 105 198 205 197 204 199 206 198 205 199 206 200 207 198 205 200 207 104 106 104 106 200 207 201 208 104 106 201 208 202 209 104 106 202 209 203 210 104 106 203 210 102 104 203 210 202 209 204 211 203 210 204 211 205 212 102 104 194 201 103 105 102 104 206 213 194 201 206 213 207 214 194 201 194 201 192 199 191 198 194 201 207 214 208 215 194 201 208 215 192 199 192 199 186 193 189 196 192 199 208 215 209 216 192 199 209 216 210 217 192 199 210 217 211 218 192 199 211 218 186 193 211 218 210 217 212 219 211 218 180 187 184 191 211 218 184 191 186 193 211 218 212 219 213 220 211 218 213 220 214 221 211 218 214 221 180 187 214 221 176 183 180 187 214 221 213 220 146 148 214 221 146 148 145 147 214 221 145 147 144 146 214 221 144 146 176 183 213 220 212 219 215 222 213 220 215 222 146 148 215 222 212 219 216 223 215 222 216 223 149 151 215 222 149 151 148 150 215 222 148 150 146 148 216 223 217 224 149 151 217 224 216 223 218 225 217 224 218 225 219 226 217 224 219 226 150 152 217 224 150 152 149 151 219 226 218 225 220 227 219 226 220 227 221 228 219 226 221 228 152 154 219 226 152 154 150 152 221 228 220 227 222 229 221 228 153 155 152 154 221 228 222 229 223 230 221 228 223 230 224 231 221 228 224 231 155 157 221 228 155 157 153 155 224 231 223 230 225 232 224 231 225 232 157 159 224 231 157 159 155 157 225 232 223 230 226 233 225 232 226 233 227 234 225 232 227 234 228 235 225 232 228 235 157 159 228 235 160 162 158 160 228 235 158 160 157 159 228 235 227 234 229 236 228 235 229 236 230 237 228 235 230 237 231 238 228 235 231 238 160 162 231 238 162 164 160 162 231 239 230 240 232 241 231 239 232 241 233 242 231 239 233 242 234 243 231 239 234 243 162 244 234 243 166 170 163 169 234 243 163 169 162 244 234 243 233 242 235 245 234 243 235 245 236 246 234 243 236 246 237 247 234 243 237 247 166 170 237 247 167 171 166 170 237 247 236 246 238 248 237 247 238 248 123 125 237 247 123 125 167 171 238 248 236 246 235 245 238 248 235 245 239 249 238 248 239 249 124 126 238 248 124 126 123 125 124 126 240 250 125 127 125 127 241 251 123 125 125 127 240 250 242 252 125 127 242 252 241 251 241 251 242 252 243 253 243 253 244 254 241 251 245 255 246 256 247 257 245 255 247 257 243 253 245 255 248 258 249 259 245 255 249 259 246 256 249 259 250 260 251 261 249 259 251 261 246 256 249 259 248 258 252 262 249 259 252 262 253 263 249 259 253 263 250 260 253 264 254 265 250 266 253 263 252 262 255 267 253 264 255 268 256 269 253 264 256 269 254 265 256 269 257 270 181 188 256 269 181 188 254 265 256 269 255 268 258 271 256 269 258 271 259 272 256 269 259 272 260 273 256 269 260 273 257 270 260 273 261 274 185 192 260 273 185 192 257 270 260 273 259 272 262 275 260 273 262 275 263 276 260 273 263 276 264 277 260 273 264 277 261 274 264 277 265 278 187 194 264 277 187 194 261 274 264 277 263 276 266 279 264 277 266 279 267 280 264 277 267 280 268 281 264 277 268 281 265 278 268 281 269 282 270 283 268 281 270 283 265 278 268 281 267 280 271 284 268 281 271 284 272 285 268 281 272 285 273 286 268 281 273 286 269 282 273 286 274 287 195 202 273 286 195 202 269 282 273 286 272 285 275 288 273 286 199 206 274 287 199 206 197 204 274 287 199 206 273 286 276 289 199 206 276 289 277 290 199 206 277 290 278 291 278 291 201 208 200 207 278 291 200 207 199 206 278 291 277 290 279 292 278 291 279 292 280 293 278 291 280 293 201 208 201 208 280 293 281 294 201 208 281 294 282 295 201 208 282 295 202 209 282 295 281 294 36 36 282 295 36 36 283 296 282 295 283 296 284 297 282 295 284 297 204 211 282 295 204 211 202 209 204 211 284 297 285 298 204 211 285 298 205 212 285 298 284 297 286 299 205 212 285 298 287 300 205 212 287 300 288 301 205 212 288 301 203 210 288 301 206 213 102 104 288 301 102 104 203 210 288 301 287 300 289 302 288 301 289 302 207 214 288 301 207 214 206 213 207 214 289 302 111 113 207 214 111 113 290 303 290 303 208 215 207 214 290 303 209 216 208 215 209 216 218 225 216 223 209 216 216 223 210 217 218 225 209 216 111 113 218 225 292 305 220 227 292 305 293 306 294 307 292 305 294 307 222 229 292 305 222 229 220 227 294 307 293 306 295 308 294 307 295 308 296 309 294 307 296 309 223 230 294 307 223 230 222 229 296 309 295 308 297 310 296 309 297 310 298 311 296 309 298 311 223 230 298 311 297 310 299 312 298 311 299 312 300 313 298 311 300 313 226 233 298 311 226 233 223 230 300 313 299 312 301 314 300 313 301 314 302 315 300 313 302 315 303 316 300 313 303 316 226 233 303 316 229 236 227 234 303 316 227 234 226 233 303 317 302 318 304 319 303 317 304 319 305 320 303 317 305 320 306 321 303 317 306 321 229 322 306 321 232 241 230 240 306 321 230 240 229 322 306 321 305 320 307 323 306 321 307 323 308 324 306 321 308 324 309 325 306 321 309 325 232 241 309 325 235 245 233 242 309 325 233 242 232 241 309 325 308 324 310 326 309 325 310 326 311 327 309 325 311 327 239 249 309 325 239 249 235 245 311 327 310 326 312 328 311 327 124 126 239 249 311 327 312 328 313 329 311 327 313 329 124 126 313 329 312 328 314 330 313 329 314 330 240 250 313 329 240 250 124 126 240 250 315 331 316 332 240 250 316 332 242 252 316 332 315 331 317 333 316 332 245 255 243 253 316 332 243 253 242 252 245 255 316 332 318 334 245 255 318 334 248 258 319 335 252 262 248 258 319 335 320 336 321 337 319 335 321 337 252 262 321 337 258 338 255 267 321 337 255 267 252 262 321 337 320 336 322 339 321 337 322 339 323 340 321 337 323 340 258 338 323 341 262 275 259 272 323 341 259 272 258 271 323 340 322 339 324 342 323 340 324 342 325 343 323 341 325 344 326 345 323 341 326 345 262 275 326 345 266 279 263 276 326 345 263 276 262 275 326 345 325 344 327 346 326 345 327 346 328 347 326 345 328 347 329 348 326 345 329 348 266 279 329 348 271 284 267 280 329 348 267 280 266 279 329 348 328 347 330 349 329 348 330 349 331 350 329 348 331 350 332 351 329 348 332 351 271 284 332 351 275 288 272 285 332 351 272 285 271 284 332 351 331 350 333 352 332 351 333 352 334 353 332 351 334 353 335 354 332 351 335 354 275 288 335 354 276 289 273 286 335 354 273 286 275 288 335 354 334 353 336 355 335 354 336 355 337 356 335 354 337 356 279 292 335 354 279 292 276 289 279 292 277 290 276 289 279 292 337 356 338 357 279 292 338 357 339 358 279 292 339 358 340 359 340 359 281 294 280 293 340 359 280 293 279 292 340 359 339 358 341 360 340 359 341 360 37 37 340 359 37 37 281 294 341 360 339 358 342 361 341 360 342 361 31 31 341 360 31 31 37 37 31 31 342 361 343 362 31 31 343 362 344 363 31 31 344 363 34 34 344 363 343 362 345 364 344 363 345 364 346 365 344 363 346 365 347 366 344 363 347 366 34 34 347 366 348 367 349 368 347 366 349 368 350 369 347 366 350 369 35 35 347 366 35 35 34 34 347 366 346 365 351 370 347 366 351 370 348 367 351 370 352 371 353 372 351 370 353 372 348 367 351 370 346 365 345 364 351 370 345 364 354 373 351 370 354 373 355 374 351 370 355 374 352 371 355 374 356 375 352 371 355 374 354 373 357 376 355 374 357 376 358 377 358 377 357 376 359 378 358 377 359 378 360 379 360 379 361 380 30 30 360 379 30 30 358 377 360 379 359 378 362 381 360 379 362 381 363 382 360 379 363 382 364 383 360 379 364 383 361 380 364 383 365 384 366 385 364 383 366 385 361 380 364 383 363 382 367 386 364 383 367 386 368 387 364 383 368 387 369 388 364 383 369 388 365 384 369 388 370 389 371 390 369 388 371 390 365 384 369 388 368 387 372 391 369 388 372 391 373 392 369 388 373 392 374 393 369 388 374 393 370 389 374 393 375 394 376 395 374 393 376 395 370 389 374 396 373 397 377 398 374 396 377 398 378 399 374 396 378 399 379 400 374 396 379 400 375 401 379 400 12 12 380 402 379 400 380 402 375 401 379 400 378 399 3 3 379 400 3 3 2 2 379 400 2 2 10 10 379 400 10 10 12 12 380 403 381 404 382 405 380 403 382 405 383 406 380 403 383 406 376 395 380 403 376 395 375 394 380 402 12 12 9 9 380 402 9 9 381 407 383 406 382 405 24 24 383 406 24 24 26 26 383 406 26 26 384 408 383 406 384 408 376 395 384 408 26 26 23 23 384 408 23 23 385 409 384 408 385 409 386 410 384 408 386 410 371 390 384 408 371 390 370 389 384 408 370 389 376 395 386 410 385 409 387 411 386 410 387 411 27 27 386 410 27 27 366 385 386 410 366 385 365 384 386 410 365 384 371 390 387 411 385 409 23 23 387 411 23 23 22 22 387 411 22 22 388 412 387 411 388 412 28 28 387 411 28 28 27 27 28 28 388 412 389 413 28 28 389 413 390 414 28 28 390 414 29 29 390 414 389 413 391 415 390 414 391 415 392 416 390 414 392 416 29 29 392 416 356 375 355 374 392 416 355 374 358 377 392 416 358 377 30 30 392 416 30 30 29 29 356 375 392 416 391 415 356 375 391 415 393 417 356 375 393 417 394 418 356 375 394 418 353 372 356 375 353 372 352 371 394 418 393 417 395 419 394 418 395 419 396 420 394 418 396 420 397 421 394 418 397 421 349 368 394 418 349 368 348 367 394 418 348 367 353 372 397 421 396 420 398 422 397 421 398 422 399 423 397 421 399 423 400 424 397 421 400 424 350 369 397 421 350 369 349 368 350 369 400 424 401 425 350 369 401 425 402 426 350 369 402 426 35 35 402 426 401 425 403 427 402 426 403 427 32 32 402 426 32 32 35 35 32 32 403 427 404 428 32 32 404 428 405 429 32 32 405 429 33 33 405 429 404 428 406 430 33 33 405 429 407 431 33 33 407 431 408 432 33 33 408 432 283 296 283 296 36 36 33 33 283 296 408 432 284 297 408 432 409 433 284 297 409 433 286 299 284 297 286 299 410 434 287 300 287 300 285 298 286 299 287 300 410 434 100 102 287 300 100 102 289 302 289 302 411 435 412 436 289 302 412 436 111 113 412 436 112 114 111 113 412 436 411 435 99 101 412 436 99 101 101 103 412 436 101 103 413 437 412 436 413 437 112 114 112 114 413 437 414 438 112 114 414 438 291 304 112 114 291 304 111 113 291 304 414 438 415 439 291 304 416 440 417 441 417 441 218 225 291 304 417 441 292 305 218 225 417 441 416 440 418 442 417 441 418 442 293 306 417 441 293 306 292 305 293 306 418 442 419 443 293 306 419 443 420 444 293 306 420 444 295 308 420 444 419 443 421 445 420 444 421 445 297 310 420 444 297 310 295 308 421 445 419 443 422 446 421 445 422 446 423 447 421 445 423 447 299 312 421 445 299 312 297 310 423 447 422 446 424 448 423 447 424 448 425 449 423 447 425 449 301 314 423 447 301 314 299 312 425 450 424 451 426 452 425 450 426 452 427 453 425 450 427 453 428 454 425 450 428 454 301 455 428 454 304 319 302 318 428 454 302 318 301 455 428 454 427 453 429 456 428 454 429 456 430 457 428 454 430 457 431 458 428 454 431 458 304 319 431 458 307 323 305 320 431 458 305 320 304 319 431 458 430 457 432 459 431 458 432 459 433 460 431 458 433 460 434 461 431 458 434 461 307 323 434 461 310 326 308 324 434 461 308 324 307 323 434 461 433 460 435 462 434 461 435 462 436 463 434 461 436 463 312 328 434 461 312 328 310 326 436 463 435 462 437 464 436 463 437 464 314 330 436 463 314 330 312 328 314 330 437 464 438 465 314 330 438 465 439 466 439 466 315 331 240 250 439 466 240 250 314 330 439 466 317 333 315 331 317 333 440 467 441 468 317 333 441 468 318 334 317 333 318 334 316 332 318 334 441 468 442 469 442 469 319 335 248 258 442 469 248 258 318 334 442 469 443 470 444 471 442 469 444 471 445 472 442 469 445 472 319 335 445 472 446 473 319 335 446 473 320 336 319 335 446 473 445 472 447 474 446 473 447 474 448 475 446 473 448 475 320 336 448 475 324 342 322 339 448 475 322 339 320 336 448 475 447 474 449 476 448 475 449 476 450 477 448 475 450 477 324 342 450 477 327 478 325 343 450 477 325 343 324 342 450 477 449 476 451 479 450 477 451 479 452 480 450 477 452 480 453 481 450 477 453 481 327 478 453 482 330 349 328 347 453 482 328 347 327 346 453 481 452 480 454 483 453 482 454 484 455 485 453 482 455 485 330 349 455 485 333 352 331 350 455 485 331 350 330 349 455 485 454 484 456 486 455 485 456 486 457 487 455 485 457 487 458 488 455 485 458 488 333 352 458 488 336 355 334 353 458 488 334 353 333 352 458 488 457 487 459 489 458 488 459 489 460 490 458 488 460 490 461 491 458 488 461 491 336 355 461 491 338 357 337 356 461 491 337 356 336 355 461 491 460 490 462 492 461 491 462 492 463 493 461 491 463 493 338 357 338 357 463 493 464 494 338 357 464 494 465 495 338 357 465 495 342 361 338 357 342 361 339 358 465 495 464 494 466 496 465 495 466 496 343 362 465 495 343 362 342 361 343 362 466 496 467 497 343 362 467 497 345 364 345 364 467 497 468 498 345 364 468 498 354 373 468 498 359 378 357 376 468 498 357 376 354 373 468 498 467 497 469 499 468 498 469 499 470 500 468 498 470 500 471 501 468 498 471 501 359 378 471 501 362 381 359 378 471 501 470 500 472 502 471 501 472 502 473 503 471 501 473 503 474 504 471 501 474 504 362 381 474 504 367 386 363 382 474 504 363 382 362 381 474 504 473 503 475 505 474 504 475 505 476 506 474 504 476 506 477 507 474 504 477 507 367 386 477 507 372 391 368 387 477 507 368 387 367 386 477 508 476 509 478 510 477 508 478 510 479 511 477 508 479 511 372 512 479 511 377 398 373 397 479 511 373 397 372 512 479 511 478 510 480 513 479 511 480 513 481 514 479 511 481 514 5 5 479 511 5 5 377 398 481 514 480 513 482 515 481 514 482 515 483 516 481 514 483 516 0 0 481 514 0 0 5 5 483 516 482 515 484 517 483 516 484 517 485 518 483 516 485 518 4 4 483 516 4 4 0 0 485 518 484 517 486 519 485 518 486 519 487 520 485 518 487 520 488 521 485 518 488 521 4 4 488 521 11 11 1 1 488 521 1 1 4 4 488 521 487 520 489 522 488 521 489 522 490 523 488 521 490 523 7 7 488 521 7 7 11 11 490 523 489 522 491 524 490 523 491 524 492 525 490 523 492 525 8 8 490 523 8 8 7 7 492 525 491 524 493 526 492 525 493 526 494 527 492 525 494 527 495 528 492 525 495 528 8 8 495 528 381 407 9 9 495 528 9 9 8 8 495 529 494 530 496 531 495 529 496 531 497 532 495 529 497 532 382 405 495 529 382 405 381 404 497 532 496 531 498 533 497 532 498 533 25 25 497 532 25 25 24 24 497 532 24 24 382 405 498 533 496 531 499 534 498 533 499 534 500 535 498 533 500 535 501 536 498 533 501 536 502 537 498 533 502 537 21 21 498 533 21 21 25 25 502 537 501 536 389 413 502 537 389 413 388 412 502 537 388 412 22 22 502 537 22 22 21 21 501 536 500 535 503 538 501 536 503 538 504 539 501 536 504 539 391 415 501 536 391 415 389 413 504 539 503 538 505 540 504 539 505 540 395 419 504 539 395 419 393 417 504 539 393 417 391 415 505 540 503 538 506 541 505 540 506 541 507 542 505 540 507 542 508 543 505 540 508 543 398 422 505 540 398 422 396 420 505 540 396 420 395 419 508 543 507 542 509 544 508 543 509 544 510 545 508 543 510 545 511 546 508 543 511 546 512 547 508 543 512 547 399 423 508 543 399 423 398 422 512 547 511 546 513 548 512 547 513 548 514 549 512 547 514 549 400 424 512 547 400 424 399 423 514 549 513 548 515 550 514 549 515 550 516 551 514 549 516 551 401 425 514 549 401 425 400 424 516 551 515 550 517 552 516 551 517 552 518 553 516 551 518 553 403 427 516 551 403 427 401 425 518 553 517 552 519 554 518 553 404 428 403 427 518 553 519 554 520 555 518 553 520 555 406 430 518 553 406 430 404 428 520 555 519 554 521 556 406 430 520 555 522 557 406 430 522 557 523 558 406 430 523 558 407 431 406 430 407 431 405 429 407 431 523 558 524 559 407 431 524 559 286 299 407 431 286 299 409 433 407 431 409 433 408 432 524 559 523 558 525 560 524 559 410 434 286 299 524 559 525 560 95 97 524 559 95 97 94 96 524 559 94 96 100 102 524 559 100 102 410 434 525 560 523 558 522 557 525 560 522 557 526 561 525 560 526 561 527 562 525 560 527 562 95 97 527 562 526 561 528 563 527 562 528 563 529 564 527 562 529 564 530 565 527 562 530 565 531 566 527 562 531 566 96 98 527 562 96 98 95 97 531 566 530 565 532 567 531 566 532 567 533 568 531 566 533 568 97 99 531 566 97 99 96 98 533 568 532 567 534 569 533 568 534 569 535 570 533 568 535 570 536 571 533 568 536 571 97 99 536 571 537 572 98 100 536 571 98 100 97 99 536 571 535 570 538 573 536 571 538 573 537 572 538 573 80 80 539 574 538 573 539 574 540 575 538 573 540 575 537 572 537 572 540 575 541 576 537 572 541 576 98 100 541 576 542 577 101 103 541 576 101 103 98 100 541 576 543 578 544 579 541 576 544 579 542 577 544 579 545 580 542 577 545 580 414 438 413 437 545 580 544 579 546 581 545 580 546 581 547 582 545 580 547 582 414 438 547 582 546 581 548 583 547 582 415 439 414 438 547 582 548 583 415 439 415 439 548 583 549 584 415 439 549 584 550 585 415 439 550 585 551 586 415 439 551 586 291 304 551 586 416 440 291 304 551 586 550 585 552 587 551 586 552 587 553 588 551 586 553 588 416 440 553 588 552 587 554 589 553 588 554 589 555 590 553 588 555 590 418 442 553 588 418 442 416 440 555 590 554 589 556 591 555 590 556 591 557 592 555 590 557 592 419 443 555 590 419 443 418 442 557 592 556 591 558 593 557 592 558 593 559 594 557 592 559 594 560 595 557 592 560 595 422 446 557 592 422 446 419 443 560 595 559 594 561 596 560 595 561 596 562 597 560 595 562 597 424 448 560 595 424 448 422 446 562 598 561 599 563 600 562 598 563 600 426 452 562 598 426 452 424 451 426 452 563 600 564 601 426 452 564 601 565 602 565 602 429 456 427 453 565 602 427 453 426 452 565 602 566 603 567 604 565 602 567 604 429 456 567 604 432 459 430 457 567 604 430 457 429 456 567 604 566 603 568 605 567 604 568 605 569 606 567 604 569 606 432 459 569 606 435 462 433 460 569 606 433 460 432 459 569 606 568 605 570 607 569 606 570 607 437 464 569 606 437 464 435 462 570 607 571 608 437 464 571 608 438 465 437 464 571 608 572 609 573 610 571 608 573 610 438 465 438 465 573 610 574 611 574 611 439 466 438 465 574 611 440 467 439 466 440 467 317 333 439 466 441 468 440 467 575 612 441 468 575 612 576 613 576 613 443 470 442 469 576 613 442 469 441 468 576 613 577 614 443 470 444 471 447 474 445 472 444 471 443 470 578 615 444 471 578 615 449 476 444 471 449 476 447 474 449 476 578 615 579 616 449 476 579 616 580 617 580 617 451 479 449 476 580 617 581 618 451 479 581 618 452 480 451 479 581 618 582 619 583 620 581 618 583 620 584 621 581 618 584 621 452 480 584 621 456 622 454 483 584 621 454 483 452 480 584 621 583 620 585 623 584 621 585 623 586 624 584 621 586 624 587 625 584 621 587 625 456 622 587 626 459 489 457 487 587 626 457 487 456 486 587 625 586 624 588 627 587 625 588 627 589 628 587 626 589 629 590 630 587 626 590 630 459 489 590 630 462 492 460 490 590 630 460 490 459 489 590 630 589 629 591 631 590 630 591 631 592 632 590 630 592 632 593 633 590 630 593 633 462 492 593 633 464 494 463 493 593 633 463 493 462 492 593 633 592 632 594 634 593 633 594 634 595 635 593 633 595 635 466 496 593 633 466 496 464 494 595 635 594 634 596 636 595 635 596 636 469 499 595 635 469 499 467 497 595 635 467 497 466 496 596 636 594 634 597 637 596 636 597 637 598 638 596 636 598 638 599 639 596 636 599 639 472 502 596 636 472 502 470 500 596 636 470 500 469 499 599 639 475 505 473 503 599 639 473 503 472 502 599 640 598 641 600 642 599 640 600 642 601 643 599 640 601 643 602 644 599 640 602 644 475 645 602 644 478 510 476 509 602 644 476 509 475 645 602 644 601 643 603 646 602 644 603 646 478 510 603 646 480 513 478 510 603 646 601 643 17 17 603 646 17 17 482 515 603 646 482 515 480 513 482 515 17 17 16 16 482 515 16 16 484 517 16 16 15 15 486 519 16 16 486 519 484 517 486 519 15 15 604 647 486 519 604 647 605 648 486 519 605 648 606 649 606 649 489 522 487 520 606 649 487 520 486 519 606 649 605 648 607 650 606 649 607 650 608 651 606 649 608 651 491 524 606 649 491 524 489 522 608 651 607 650 509 652 608 651 509 652 609 653 608 651 609 653 493 526 608 651 493 526 491 524 609 654 509 544 507 542 609 654 507 542 506 541 609 654 506 541 499 534 609 654 499 534 493 655 607 650 605 648 604 647 607 650 604 647 610 656 607 650 610 656 510 657 607 650 510 657 509 652 610 656 604 647 611 658 610 656 611 658 612 659 610 656 612 659 511 660 610 656 511 660 510 657 612 659 611 658 613 661 612 659 613 661 614 662 612 659 614 662 513 663 612 659 513 663 511 660 614 662 613 661 615 664 614 662 615 664 616 665 614 662 616 665 515 666 614 662 515 666 513 663 616 665 615 664 617 667 616 665 617 667 618 668 616 665 618 668 517 669 616 665 517 669 515 666 618 668 617 667 619 670 618 668 619 670 620 671 618 668 620 671 519 672 618 668 519 672 517 669 620 671 619 670 621 673 620 671 621 673 519 672 621 673 619 670 622 674 621 673 521 675 519 672 621 673 622 674 623 676 621 673 623 676 624 677 621 673 624 677 625 678 621 673 625 678 521 675 625 678 624 677 626 679 625 680 522 557 520 555 625 680 520 555 521 556 625 678 626 679 528 681 625 680 528 563 526 561 625 680 526 561 522 557 626 679 627 682 628 683 626 679 628 683 629 684 626 679 629 684 630 685 626 679 630 685 529 686 626 679 529 686 528 681 630 685 629 684 631 687 630 685 631 687 632 688 630 685 632 688 530 689 630 685 530 689 529 686 632 688 631 687 633 690 632 688 633 690 634 691 632 688 634 691 532 692 632 688 532 692 530 689 634 691 633 690 635 693 634 691 635 693 636 694 634 691 636 694 534 695 634 691 534 695 532 692 636 694 635 693 637 696 636 694 637 696 638 697 636 694 638 697 534 695 638 698 535 570 534 569 638 697 637 696 639 699 638 697 639 699 640 700 638 698 640 701 641 702 638 698 641 702 535 570 641 702 80 80 538 573 641 702 538 573 535 570 641 702 640 701 642 703 641 702 642 703 643 704 641 702 643 704 75 75 641 702 75 75 80 80 643 704 642 703 644 705 643 704 76 76 75 75 643 704 644 705 645 706 643 704 645 706 646 707 643 704 646 707 647 708 643 704 647 708 76 76 647 708 646 707 648 709 647 708 648 709 649 710 647 708 649 710 650 711 647 708 650 711 651 712 647 708 651 712 77 77 647 708 77 77 76 76 651 712 650 711 652 713 651 712 652 713 653 714 651 712 653 714 78 78 651 712 78 78 77 77 653 714 652 713 766 836 653 714 766 836 655 716 653 714 655 716 654 715 653 714 654 715 78 78 654 715 655 716 656 717 654 715 656 717 657 718 654 715 657 718 658 719 654 715 658 719 79 79 654 715 79 79 78 78 658 719 657 718 659 720 658 719 659 720 660 721 658 719 660 721 661 722 658 719 661 722 79 79 661 722 539 574 74 74 661 722 74 74 79 79 661 722 660 721 662 723 661 722 662 723 663 724 661 722 663 724 664 725 661 722 664 725 539 574 664 725 665 726 539 574 664 725 663 724 666 727 664 725 667 728 665 726 667 728 668 729 540 575 667 728 540 575 665 726 667 728 664 725 669 730 667 728 669 730 670 731 667 728 670 731 668 729 668 729 670 731 671 732 668 729 671 732 672 733 668 729 672 733 673 734 668 729 673 734 543 578 673 734 546 581 544 579 673 734 544 579 543 578 673 734 548 583 546 581 673 734 674 735 548 583 674 735 675 736 549 584 674 735 549 584 548 583 549 584 675 736 676 737 549 584 676 737 677 738 549 584 677 738 678 739 678 739 552 587 550 585 678 739 550 585 549 584 678 739 677 738 679 740 678 739 679 740 680 741 678 739 680 741 552 587 680 741 554 589 552 587 680 741 556 591 554 589 680 741 679 740 681 742 680 741 681 742 682 743 680 741 682 743 558 593 680 741 558 593 556 591 682 743 681 742 683 744 682 743 683 744 684 745 682 743 684 745 559 594 682 743 559 594 558 593 684 745 683 744 685 746 684 745 685 746 686 747 684 745 686 747 561 596 684 745 561 596 559 594 686 748 685 749 687 750 686 748 687 750 688 751 686 748 688 751 563 600 686 748 563 600 561 599 688 751 687 750 689 752 688 751 689 752 690 753 688 751 690 753 564 601 688 751 564 601 563 600 690 753 689 752 691 754 690 753 691 754 692 755 690 753 692 755 693 756 690 753 693 756 564 601 693 756 566 603 565 602 693 756 565 602 564 601 693 756 692 755 694 757 693 756 694 757 695 758 693 756 695 758 566 603 695 758 568 605 566 603 568 605 695 758 696 759 568 605 696 759 570 607 570 607 696 759 697 760 570 607 697 760 571 608 571 608 697 760 698 761 571 608 698 761 572 609 572 609 698 761 573 610 573 610 699 762 574 611 574 611 699 762 700 763 574 611 700 763 701 764 701 764 575 612 440 467 701 764 440 467 574 611 575 612 577 614 576 613 575 612 701 764 702 765 575 612 702 765 703 766 575 612 703 766 577 614 577 614 703 766 704 767 577 614 704 767 443 470 704 767 578 615 443 470 704 767 705 768 706 769 704 767 706 769 578 615 706 769 579 616 578 615 706 769 705 768 707 770 579 616 706 769 708 771 579 616 708 771 582 619 579 616 582 619 580 617 582 619 581 618 580 617 582 619 708 771 709 772 709 772 585 623 583 620 709 772 583 620 582 619 709 772 710 773 585 623 710 773 588 627 586 624 710 773 586 624 585 623 710 773 711 774 712 775 710 773 712 775 713 776 710 773 713 776 588 627 713 776 591 777 589 628 713 776 589 628 588 627 713 776 712 775 714 778 713 776 714 778 715 779 713 776 715 779 597 780 713 776 597 780 591 777 715 779 714 778 716 781 715 779 716 781 600 642 715 779 600 642 598 641 715 779 598 641 597 780 716 781 714 778 717 782 716 781 717 782 18 18 716 781 18 18 17 17 716 781 17 17 601 643 716 781 601 643 600 642 717 782 714 778 712 775 717 782 712 775 711 774 717 782 711 774 718 783 717 782 718 783 19 19 717 782 19 19 18 18 718 783 711 774 719 784 718 783 719 784 720 785 718 783 720 785 721 786 718 783 721 786 19 19 721 786 720 785 722 787 721 786 722 787 723 788 721 786 723 788 724 789 721 786 724 789 13 13 721 786 13 13 19 19 724 789 723 788 725 790 724 789 725 790 726 791 724 789 726 791 14 14 724 789 14 14 13 13 726 791 725 790 615 664 726 791 615 664 613 661 726 791 613 661 611 658 726 791 611 658 14 14 725 790 723 788 727 792 725 790 727 792 617 667 725 790 617 667 615 664 727 792 728 793 729 794 727 792 729 794 619 670 727 792 619 670 617 667 729 794 730 795 622 674 729 794 622 674 619 670 730 795 731 796 732 797 730 795 732 797 623 676 730 795 623 676 622 674 732 797 731 796 733 798 732 797 733 798 627 682 732 797 627 682 623 676 733 798 731 796 734 799 733 798 734 799 735 800 733 798 735 800 628 683 733 798 628 683 627 682 735 800 734 799 736 801 735 800 736 801 737 802 735 800 737 802 629 684 735 800 629 684 628 683 737 802 736 801 738 803 737 802 738 803 739 804 737 802 739 804 631 687 737 802 631 687 629 684 739 804 738 803 740 805 739 804 740 805 741 806 739 804 741 806 633 690 739 804 633 690 631 687 741 806 740 805 742 807 741 806 742 807 743 808 741 806 743 808 635 693 741 806 635 693 633 690 743 808 742 807 744 809 743 808 744 809 745 810 743 808 745 810 637 696 743 808 637 696 635 693 745 810 744 809 746 811 745 810 746 811 747 812 745 810 747 812 639 699 745 810 639 699 637 696 639 699 747 812 748 813 748 813 642 814 640 700 748 813 640 700 639 699 748 813 644 815 642 814 748 813 749 816 645 817 748 813 645 817 644 815 749 816 750 818 751 819 749 816 751 819 752 820 749 816 752 820 645 817 752 820 751 819 753 821 752 820 753 821 754 822 752 823 754 824 755 825 752 823 755 825 648 709 752 823 648 709 646 707 752 823 646 707 645 706 755 825 754 824 756 826 755 825 756 826 757 827 755 825 757 827 758 828 755 825 758 828 649 710 755 825 649 710 648 709 758 828 757 827 759 829 758 828 759 829 760 830 758 828 760 830 650 711 758 828 650 711 649 710 760 830 759 829 761 831 760 830 761 831 762 832 760 830 762 832 652 713 760 830 652 713 650 711 762 832 761 831 763 833 762 832 763 833 765 835 762 832 765 835 766 836 762 832 766 836 652 713 765 835 763 833 764 834 766 837 765 838 767 839 766 837 767 839 768 840 766 837 768 840 769 841 766 837 769 841 655 842 769 841 768 840 770 843 769 841 770 843 771 844 769 841 771 844 772 845 769 841 772 845 656 846 769 841 656 846 655 842 772 845 771 844 773 847 772 845 773 847 774 848 772 845 774 848 657 849 772 845 657 849 656 846 774 848 659 850 657 849 774 848 773 847 775 851 774 848 776 852 659 850 776 853 662 723 660 721 776 853 660 721 659 720 776 852 774 848 777 854 776 852 777 854 778 855 776 853 778 856 779 857 776 853 779 857 662 723 779 857 666 727 663 724 779 857 663 724 662 723 779 857 778 856 780 858 779 857 780 858 781 859 779 857 781 859 666 727 666 727 669 730 664 725 666 727 781 859 782 860 666 727 782 860 783 861 666 727 783 861 784 862 666 727 784 862 669 730 784 862 671 732 670 731 784 862 670 731 669 730 784 862 783 861 785 863 784 862 785 863 786 864 784 862 786 864 671 732 671 732 786 864 787 865 671 732 787 865 788 866 671 732 788 866 672 733 788 866 674 735 673 734 788 866 673 734 672 733 788 866 787 865 789 867 788 866 789 867 675 736 788 866 675 736 674 735 789 867 119 121 121 123 789 867 121 123 790 868 789 867 790 868 675 736 790 868 676 737 675 736 790 868 121 123 118 120 790 868 118 120 791 869 790 868 791 869 792 870 790 868 792 870 676 737 792 870 677 738 676 737 792 870 791 869 793 871 792 870 793 871 794 872 792 870 794 872 677 738 794 872 679 740 677 738 794 872 793 871 795 873 794 872 795 873 796 874 794 872 796 874 681 742 794 872 681 742 679 740 796 874 795 873 797 875 796 874 797 875 798 876 796 874 798 876 683 744 796 874 683 744 681 742 798 876 797 875 799 877 798 876 799 877 800 878 798 876 800 878 685 746 798 876 685 746 683 744 800 879 799 880 801 881 800 879 801 881 802 882 800 879 802 882 687 750 800 879 687 750 685 749 802 882 801 881 803 883 802 882 803 883 804 884 802 882 804 884 689 752 802 882 689 752 687 750 804 884 803 883 805 885 804 884 805 885 806 886 804 884 806 886 691 754 804 884 691 754 689 752 806 886 805 885 807 887 806 886 807 887 808 888 806 886 808 888 809 889 806 886 809 889 691 754 809 889 694 757 692 755 809 889 692 755 691 754 809 889 808 888 810 890 809 889 810 890 811 891 809 889 811 891 694 757 811 891 695 758 694 757 811 891 696 759 695 758 696 759 811 891 812 892 696 759 812 892 697 760 697 760 812 892 813 893 697 760 813 893 698 761 813 893 814 894 699 762 813 893 699 762 698 761 699 762 573 610 698 761 699 762 815 895 700 763 700 763 815 895 816 896 816 896 701 764 700 763 816 896 817 897 701 764 817 897 702 765 701 764 817 897 816 896 818 898 702 765 817 897 819 899 702 765 819 899 820 900 702 765 820 900 703 766 820 900 705 768 704 767 820 900 704 767 703 766 820 900 819 899 821 901 820 900 821 901 822 902 820 900 822 902 705 768 705 768 822 902 823 903 705 768 823 903 707 770 707 770 708 771 706 769 707 770 823 903 824 904 707 770 824 904 708 771 708 771 825 905 826 906 708 771 826 906 709 772 826 906 825 905 719 784 826 906 719 784 711 774 826 906 711 774 709 772 825 905 708 771 827 907 825 905 827 907 722 787 825 905 722 787 720 785 825 905 720 785 719 784 827 907 828 908 728 793 827 907 728 793 722 787 722 787 728 793 727 792 722 787 727 792 723 788 728 793 828 908 729 794 729 794 828 908 829 909 729 794 829 909 730 795 829 909 731 796 730 795 731 796 829 909 830 910 731 796 830 910 734 799 734 799 830 910 831 911 734 799 831 911 736 801 831 911 832 912 738 803 831 911 738 803 736 801 832 912 833 913 834 914 832 912 834 914 740 805 832 912 740 805 738 803 834 914 833 913 835 915 834 914 835 915 836 916 834 914 836 916 742 807 834 914 742 807 740 805 836 916 835 915 837 917 836 916 837 917 744 809 836 916 744 809 742 807 837 917 835 915 838 918 837 917 838 918 839 919 837 917 839 919 746 811 837 917 746 811 744 809 839 919 838 918 840 920 839 919 840 920 841 921 839 919 841 921 746 811 746 811 841 921 842 922 746 811 842 922 843 923 746 811 843 923 844 924 746 811 844 924 747 812 844 924 748 813 747 812 844 924 843 923 845 925 844 924 845 925 846 926 844 924 846 926 749 816 844 924 749 816 748 813 846 926 845 925 847 927 846 926 847 927 848 928 846 926 848 928 750 818 846 926 750 818 749 816 848 928 847 927 849 929 848 928 849 929 850 930 848 928 850 930 851 931 848 928 851 931 750 818 851 931 850 930 852 932 851 931 852 932 853 933 851 931 853 933 753 821 851 931 753 821 751 819 851 931 751 819 750 818 753 821 853 933 854 934 753 821 854 934 855 935 753 821 855 935 756 936 753 821 756 936 754 822 855 935 854 934 856 937 855 938 856 939 857 940 855 938 857 940 756 826 857 940 856 939 858 941 857 940 757 827 756 826 857 940 858 941 859 942 857 940 859 942 759 829 857 940 759 829 757 827 859 942 858 941 860 943 859 942 761 831 759 829 859 942 860 943 763 833 859 942 763 833 761 831 763 833 860 943 861 944 763 833 861 944 862 945 763 833 862 945 764 834 862 946 861 947 863 948 862 946 863 948 864 949 862 946 864 949 865 950 862 946 865 950 764 951 865 950 864 949 866 952 865 950 866 952 867 953 865 950 867 953 868 954 865 950 868 954 767 839 865 950 767 839 765 838 865 950 765 838 764 951 868 954 867 953 869 955 868 954 869 955 870 956 868 954 870 956 871 957 868 954 871 957 770 843 868 954 770 843 768 840 868 954 768 840 767 839 871 957 870 956 872 958 871 957 872 958 873 959 871 957 873 959 874 960 871 957 874 960 875 961 871 957 875 961 771 844 871 957 771 844 770 843 875 961 874 960 876 962 875 961 876 962 877 963 875 961 877 963 771 844 877 963 876 962 878 964 877 963 878 964 879 965 877 963 879 965 773 847 877 963 773 847 771 844 879 965 878 964 880 966 879 965 880 966 881 967 879 965 881 967 773 847 881 967 880 966 882 968 881 967 882 968 883 969 881 967 883 969 775 851 881 967 775 851 773 847 775 851 777 854 774 848 775 851 883 969 884 970 775 851 884 970 885 971 775 851 885 971 777 854 885 971 780 972 778 855 885 971 778 855 777 854 885 971 884 970 886 973 885 971 886 973 887 974 885 971 887 974 780 972 887 975 782 860 781 859 887 975 781 859 780 858 887 974 886 973 888 976 887 974 888 976 889 977 887 975 889 978 890 979 887 975 890 979 782 860 890 979 785 863 783 861 890 979 783 861 782 860 890 979 889 978 891 980 890 979 891 980 892 981 890 979 892 981 893 982 890 979 893 982 785 863 893 982 787 865 786 864 893 982 786 864 785 863 893 982 892 981 894 983 893 982 894 983 895 984 893 982 895 984 896 985 893 982 896 985 787 865 896 985 789 867 787 865 896 985 895 984 897 986 896 985 897 986 119 121 896 985 119 121 789 867 897 986 895 984 894 983 897 986 894 983 898 987 897 986 898 987 899 988 897 986 899 988 900 989 897 986 900 989 120 122 897 986 120 122 119 121 900 989 901 990 122 124 900 989 122 124 120 122 900 989 899 988 902 991 900 989 902 991 901 990 902 991 903 992 904 993 902 991 904 993 901 990 902 991 899 988 905 994 902 991 905 994 906 995 902 991 906 995 907 996 902 991 907 996 903 992 907 996 799 877 797 875 907 996 797 875 903 992 907 997 906 998 908 999 907 997 908 999 909 1000 907 997 909 1000 801 881 907 997 801 881 799 880 909 1000 908 999 910 1001 909 1000 910 1001 911 1002 909 1000 911 1002 803 883 909 1000 803 883 801 881 911 1002 910 1001 912 1003 911 1002 912 1003 913 1004 911 1002 913 1004 805 885 911 1002 805 885 803 883 913 1004 912 1003 914 1005 913 1004 914 1005 915 1006 913 1004 915 1006 807 887 913 1004 807 887 805 885 915 1006 914 1005 916 1007 915 1006 916 1007 917 1008 915 1006 917 1008 918 1009 915 1006 918 1009 807 887 918 1009 810 890 808 888 918 1009 808 888 807 887 918 1009 917 1008 919 1010 918 1009 919 1010 810 890 810 890 920 1011 811 891 920 1011 812 892 811 891 920 1011 921 1012 922 1013 920 1011 922 1013 812 892 922 1013 921 1012 923 1014 922 1013 813 893 812 892 922 1013 923 1014 924 1015 922 1013 924 1015 813 893 924 1015 923 1014 925 1016 924 1015 814 894 813 893 814 894 924 1015 926 1017 814 894 926 1017 109 111 109 111 815 895 699 762 109 111 699 762 814 894 109 111 926 1017 110 112 110 112 926 1017 925 1016 110 112 925 1016 927 1018 110 112 927 1018 928 1019 110 112 928 1019 105 107 928 1019 929 1020 930 1021 928 1019 930 1021 105 107 930 1021 929 1020 931 1022 930 1021 931 1022 932 1023 932 1023 931 1022 933 1024 933 1024 41 41 934 1025 933 1024 934 1025 932 1023 41 41 935 1026 38 38 935 1026 936 1027 39 39 935 1026 39 39 38 38 936 1027 937 1028 938 1029 936 1027 938 1029 939 1030 936 1027 939 1030 39 39 939 1030 940 1031 39 39 939 1030 938 1029 44 44 939 1030 44 44 940 1031 40 40 941 1032 942 1033 942 1033 941 1032 943 1034 942 1033 943 1034 934 1025 942 1033 41 41 40 40 942 1033 934 1025 41 41 934 1025 943 1034 944 1035 934 1025 944 1035 945 1036 945 1036 946 1037 106 108 945 1036 106 108 930 1021 945 1036 930 1021 932 1023 945 1036 932 1023 934 1025 106 108 946 1037 107 109 107 109 947 1038 108 110 947 1038 107 109 949 1040 947 1038 949 1040 950 1041 947 1038 950 1041 948 1039 950 1041 951 1042 948 1039 950 1041 952 1043 951 1042 952 1043 829 909 953 1044 952 1043 950 1041 830 910 952 1043 830 910 829 909 829 909 828 908 954 1045 954 1045 824 904 823 903 954 1045 953 1044 829 909 954 1045 828 908 824 904 954 1045 823 903 822 902 954 1045 822 902 821 901 954 1045 821 901 953 1044 821 901 819 899 951 1042 821 901 951 1042 952 1043 821 901 952 1043 953 1044 819 899 948 1039 951 1042 948 1039 819 899 817 897 948 1039 817 897 818 898 948 1039 818 898 947 1038 818 898 816 896 108 110 818 898 108 110 947 1038 108 110 816 896 815 895 108 110 815 895 109 111 824 904 828 908 827 907 824 904 827 907 708 771 830 910 950 1041 831 911 831 911 950 1041 832 912 833 913 944 1035 835 915 944 1035 943 1034 835 915 943 1034 941 1032 955 1046 943 1034 955 1046 838 918 943 1034 838 918 835 915 955 1046 941 1032 40 40 955 1046 40 40 956 1047 955 1046 956 1047 840 920 955 1046 840 920 838 918 956 1047 40 40 39 39 956 1047 39 39 957 1048 956 1047 957 1048 958 1049 956 1047 958 1049 840 920 958 1049 842 922 841 921 958 1049 841 921 840 920 958 1049 957 1048 940 1031 958 1049 940 1031 959 1050 958 1049 959 1050 960 1051 958 1049 960 1051 842 922 960 1051 845 925 843 923 960 1051 843 923 842 922 960 1051 959 1050 47 47 960 1051 47 47 961 1052 960 1051 961 1052 847 927 960 1051 847 927 845 925 961 1052 47 47 46 46 961 1052 46 46 849 929 961 1052 849 929 847 927 46 46 962 1053 963 1054 46 46 963 1054 964 1055 46 46 964 1055 849 929 964 1055 963 1054 965 1056 964 1055 965 1056 966 1057 964 1055 966 1057 967 1058 964 1055 967 1058 852 932 964 1055 852 932 850 930 964 1055 850 930 849 929 967 1058 966 1057 968 1059 967 1058 968 1059 969 1060 967 1058 969 1060 853 933 967 1058 853 933 852 932 969 1060 968 1059 970 1061 969 1060 970 1061 971 1062 969 1060 971 1062 972 1063 969 1060 972 1063 854 934 969 1060 854 934 853 933 972 1063 971 1062 973 1064 972 1063 973 1064 974 1065 972 1063 974 1065 975 1066 972 1063 975 1066 976 1067 972 1063 976 1067 856 937 972 1063 856 937 854 934 976 1068 975 1069 977 1070 976 1068 977 1070 978 1071 976 1068 978 1071 856 939 978 1071 977 1070 979 1072 978 1071 979 1072 858 941 978 1071 858 941 856 939 979 1072 977 1070 980 1073 979 1072 980 1073 981 1074 979 1072 981 1074 860 943 979 1072 860 943 858 941 981 1074 980 1073 982 1075 981 1074 982 1075 983 1076 981 1074 983 1076 984 1077 981 1074 984 1077 861 944 981 1074 861 944 860 943 984 1078 983 1079 985 1080 984 1078 985 1080 986 1081 984 1078 986 1081 863 948 984 1078 863 948 861 947 986 1081 985 1080 987 1082 986 1081 987 1082 988 1083 986 1081 988 1083 989 1084 986 1081 989 1084 863 948 989 1084 988 1083 990 1085 989 1084 990 1085 991 1086 989 1084 991 1086 992 1087 989 1084 992 1087 866 952 989 1084 866 952 864 949 989 1084 864 949 863 948 992 1087 991 1086 993 1088 992 1087 993 1088 994 1089 992 1087 994 1089 995 1090 992 1087 995 1090 869 955 992 1087 869 955 867 953 992 1087 867 953 866 952 995 1090 994 1089 996 1091 995 1090 64 64 872 958 995 1090 872 958 870 956 995 1090 870 956 869 955 64 64 995 1090 61 61 64 64 63 63 997 1092 64 64 997 1092 873 959 64 64 873 959 872 958 997 1092 63 63 998 1093 997 1092 998 1093 999 1094 997 1092 999 1094 874 960 997 1092 874 960 873 959 999 1094 998 1093 1000 1095 999 1094 1000 1095 1001 1096 999 1094 1001 1096 876 962 999 1094 876 962 874 960 1001 1096 1000 1095 1002 1097 1001 1096 1002 1097 1003 1098 1001 1096 1003 1098 878 964 1001 1096 878 964 876 962 1003 1098 1002 1097 1004 1099 1003 1098 1004 1099 1005 1100 1003 1098 1005 1100 880 966 1003 1098 880 966 878 964 1005 1100 1004 1099 1006 1101 1005 1100 1006 1101 1007 1102 1005 1100 1007 1102 882 968 1005 1100 882 968 880 966 1007 1102 1006 1101 1008 1103 1007 1102 1008 1103 1009 1104 1007 1102 1009 1104 1010 1105 1007 1102 1010 1105 882 968 1010 1105 884 970 883 969 1010 1105 883 969 882 968 1010 1105 1009 1104 1011 1106 1010 1105 1011 1106 1012 1107 1010 1105 1012 1107 1013 1108 1010 1105 1013 1108 884 970 1013 1108 886 973 884 970 1013 1108 1012 1107 1014 1109 1013 1108 1014 1109 1015 1110 1013 1108 1015 1110 1016 1111 1013 1108 1016 1111 886 973 1016 1111 888 976 886 973 1016 1111 1015 1110 1017 1112 1016 1111 1017 1112 1018 1113 1016 1111 1018 1113 1019 1114 1016 1111 1019 1114 888 976 1019 1114 891 1115 889 977 1019 1114 889 977 888 976 1019 1114 1018 1113 1020 1116 1019 1114 1020 1116 1021 1117 1019 1114 1021 1117 1022 1118 1019 1114 1022 1118 891 1115 1022 1119 894 983 892 981 1022 1119 892 981 891 980 1022 1118 1021 1117 1023 1120 1022 1118 1023 1120 1024 1121 1022 1119 1024 1122 898 987 1022 1119 898 987 894 983 1024 1121 1023 1120 1025 1123 1024 1121 1025 1123 905 1124 1024 1122 905 994 899 988 1024 1122 899 988 898 987 1025 1123 908 999 906 998 1025 1123 906 998 905 1124 1025 1123 1023 1120 1026 1125 1025 1123 1026 1125 1027 1126 1025 1123 1027 1126 910 1001 1025 1123 910 1001 908 999 1027 1126 1026 1125 1028 1127 1027 1126 1028 1127 1029 1128 1027 1126 1029 1128 912 1003 1027 1126 912 1003 910 1001 1029 1128 1028 1127 1030 1129 1029 1128 1030 1129 1031 1130 1029 1128 1031 1130 914 1005 1029 1128 914 1005 912 1003 1031 1130 1030 1129 116 118 1031 1130 116 118 1032 1131 1031 1130 1032 1131 916 1007 1031 1130 916 1007 914 1005 1032 1131 116 118 113 115 1032 1131 113 115 117 119 1032 1131 117 119 916 1007 117 119 919 1010 917 1008 117 119 917 1008 916 1007 919 1010 117 119 115 117 919 1010 115 117 921 1012 921 1012 920 1011 810 890 921 1012 810 890 919 1010 921 1012 115 117 114 116 921 1012 114 116 1033 1132 921 1012 1033 1132 923 1014 923 1014 1033 1132 1034 1133 923 1014 1034 1133 925 1016 1034 1133 1035 1134 925 1016 1035 1134 927 1018 925 1016 927 1018 1035 1134 1036 1135 927 1018 1036 1135 928 1019 1036 1135 1037 1136 929 1020 1036 1135 929 1020 928 1019 1037 1136 1038 1137 1039 1138 1037 1136 1039 1138 929 1020 1039 1138 931 1022 929 1020 1039 1138 1038 1137 1040 1139 931 1022 1039 1138 89 91 931 1022 89 91 1041 1140 931 1022 1041 1140 933 1024 1041 1140 41 41 933 1024 1041 1140 1042 1141 935 1026 1041 1140 935 1026 41 41 935 1026 1042 1141 1043 1142 935 1026 1043 1142 936 1027 1043 1142 1044 1143 937 1028 1043 1142 937 1028 936 1027 937 1028 1044 1143 48 48 937 1028 48 48 45 45 1044 1143 1043 1142 91 93 1044 1143 91 93 1045 1144 1044 1143 1045 1144 60 60 1044 1143 60 60 48 48 1045 1144 91 93 90 92 1045 1144 90 92 1046 1145 1045 1144 1046 1145 60 60 1046 1145 998 1093 60 60 1046 1145 90 92 92 94 1046 1145 92 94 1047 1146 1046 1145 1047 1146 1048 1147 1046 1145 1048 1147 998 1093 1048 1147 1000 1095 998 1093 1048 1147 1047 1146 1049 1148 1048 1147 1049 1148 1050 1149 1048 1147 1050 1149 1002 1097 1048 1147 1002 1097 1000 1095 1050 1149 1049 1148 1051 1150 1050 1149 1051 1150 1052 1151 1050 1149 1052 1151 1004 1099 1050 1149 1004 1099 1002 1097 1052 1151 1051 1150 1053 1152 1052 1151 1053 1152 1054 1153 1052 1151 1054 1153 1006 1101 1052 1151 1006 1101 1004 1099 1054 1153 1053 1152 1055 1154 1054 1153 1055 1154 1006 1101 1055 1154 1008 1103 1006 1101 1056 1155 1057 1156 1058 1157 1056 1155 1058 1157 1011 1106 1056 1155 1011 1106 1009 1104 1056 1155 1009 1104 1008 1103 1058 1157 1057 1156 1059 1158 1058 1157 1059 1158 1060 1159 1058 1157 1060 1159 1014 1109 1058 1157 1014 1109 1012 1107 1058 1157 1012 1107 1011 1106 1060 1159 1061 1160 1017 1112 1060 1159 1017 1112 1015 1110 1060 1159 1015 1110 1014 1109 1061 1160 1020 1116 1018 1113 1061 1160 1018 1113 1017 1112 1061 1160 1060 1159 1030 1129 1061 1160 1030 1129 1028 1127 1061 1160 1028 1127 1026 1125 1061 1160 1026 1125 1020 1116 1060 1159 1059 1158 116 118 1060 1159 116 118 1030 1129 1059 1158 113 115 116 118 1059 1158 1057 1156 1062 1161 1062 1161 1033 1132 1059 1158 1062 1161 1057 1156 1056 1155 1062 1161 1056 1155 1035 1134 1062 1161 1035 1134 1034 1133 1056 1155 1008 1103 1035 1134 1035 1134 1008 1103 1055 1154 1035 1134 1055 1154 1036 1135 1055 1154 1053 1152 1037 1136 1055 1154 1037 1136 1036 1135 1053 1152 1051 1150 1038 1137 1053 1152 1038 1137 1037 1136 1051 1150 1049 1148 1063 1162 1051 1150 1063 1162 1038 1137 1063 1162 1049 1148 92 94 1063 1162 92 94 89 91 1063 1162 89 91 1040 1139 1063 1162 1040 1139 1038 1137 1049 1148 1047 1146 92 94 1033 1132 114 116 113 115 1033 1132 113 115 1059 1158 1033 1132 1062 1161 1034 1133 998 1093 63 63 60 60 1043 1142 1042 1141 88 90 1043 1142 88 90 91 93 1042 1141 1041 1140 89 91 1042 1141 89 91 88 90 1039 1138 1040 1139 89 91 1026 1125 1023 1120 1021 1117 1026 1125 1021 1117 1020 1116 995 1090 996 1091 1064 1163 995 1090 1064 1163 61 61 1064 1163 996 1091 1065 1164 1064 1163 1065 1164 1066 1165 1064 1163 1066 1165 62 62 1064 1163 62 62 61 61 62 62 1066 1165 1067 1166 62 62 1067 1166 1068 1167 62 62 1068 1167 962 1053 962 1053 46 46 42 42 962 1053 42 42 49 49 962 1053 49 49 62 62 1068 1167 1067 1166 1069 1168 1068 1167 1069 1168 965 1056 1068 1167 965 1056 963 1054 1068 1167 963 1054 962 1053 1069 1168 1067 1166 1070 1169 1069 1168 1070 1169 1071 1170 1069 1168 1071 1170 966 1057 1069 1168 966 1057 965 1056 1071 1170 1072 1171 1073 1172 1071 1170 1073 1172 1074 1173 1071 1170 1074 1173 970 1061 1071 1170 970 1061 968 1059 1071 1170 968 1059 966 1057 1074 1173 1073 1172 1075 1174 1074 1173 1075 1174 1076 1175 1074 1173 1076 1175 973 1064 1074 1173 973 1064 971 1062 1074 1173 971 1062 970 1061 1076 1175 1075 1174 1077 1176 1076 1175 1077 1176 1078 1177 1076 1175 1078 1177 1079 1178 1076 1175 1079 1178 1080 1179 1076 1175 1080 1179 974 1065 1076 1175 974 1065 973 1064 1080 1179 1079 1178 1081 1180 1080 1179 1081 1180 1082 1181 1080 1179 1082 1181 975 1066 1080 1179 975 1066 974 1065 1082 1182 1081 1183 1083 1184 1082 1182 1083 1184 1084 1185 1082 1182 1084 1185 977 1070 1082 1182 977 1070 975 1069 1084 1185 1083 1184 1085 1186 1084 1185 1085 1186 977 1070 1085 1186 1083 1184 1086 1187 1085 1186 980 1073 977 1070 1085 1186 1086 1187 1087 1188 1085 1186 1087 1188 980 1073 1087 1188 1086 1187 1088 1189 1087 1188 982 1075 980 1073 1087 1188 1088 1189 1089 1190 1087 1188 1089 1190 1090 1191 1087 1188 1090 1191 983 1076 1087 1188 983 1076 982 1075 1090 1192 1089 1193 1091 1194 1090 1192 1091 1194 1092 1195 1090 1192 1092 1195 985 1080 1090 1192 985 1080 983 1079 1092 1195 1091 1194 1093 1196 1092 1195 1093 1196 1094 1197 1092 1195 1094 1197 987 1082 1092 1195 987 1082 985 1080 1094 1197 1093 1196 1095 1198 1094 1197 1095 1198 1096 1199 1094 1197 1096 1199 1097 1200 1094 1197 1097 1200 987 1082 1097 1200 1096 1199 1098 1201 1097 1200 1098 1201 1099 1202 1097 1200 1099 1202 990 1085 1097 1200 990 1085 988 1083 1097 1200 988 1083 987 1082 1099 1202 1098 1201 1100 1203 1099 1202 1100 1203 1065 1164 1099 1202 1065 1164 993 1088 1099 1202 993 1088 991 1086 1099 1202 991 1086 990 1085 1100 1203 1101 1204 1102 1205 1100 1203 1102 1205 1065 1164 1102 1205 1101 1204 1103 1206 1102 1205 1103 1206 1104 1207 1102 1205 1104 1207 1066 1165 1102 1205 1066 1165 1065 1164 1104 1207 1103 1206 1105 1208 1104 1207 1105 1208 1070 1169 1104 1207 1070 1169 1067 1166 1104 1207 1067 1166 1066 1165 1105 1208 1107 1210 1072 1171 1105 1208 1072 1171 1071 1170 1105 1208 1071 1170 1070 1169 1107 1210 1105 1208 1108 1211 1107 1210 1108 1211 1109 1212 1107 1210 1109 1212 1073 1172 1107 1210 1073 1172 1072 1171 1109 1212 1108 1211 1110 1213 1109 1212 1110 1213 1111 1214 1109 1212 1111 1214 1077 1176 1109 1212 1077 1176 1075 1174 1109 1212 1075 1174 1073 1172 1077 1176 1111 1214 1112 1215 1077 1176 1112 1215 1113 1216 1077 1176 1113 1216 1114 1217 1077 1176 1114 1217 1078 1177 1114 1217 1113 1216 1115 1218 1114 1217 1115 1218 1116 1219 1114 1217 1116 1219 1079 1178 1114 1217 1079 1178 1078 1177 1116 1219 1115 1218 1117 1220 1116 1219 1117 1220 1118 1221 1116 1219 1118 1221 1081 1180 1116 1219 1081 1180 1079 1178 1118 1222 1117 1223 1119 1224 1118 1222 1119 1224 1120 1225 1118 1222 1120 1225 1083 1184 1118 1222 1083 1184 1081 1183 1120 1225 1119 1224 68 68 1120 1225 68 68 67 67 1120 1225 67 67 1086 1187 1120 1225 1086 1187 1083 1184 1119 1224 1121 1226 70 70 1119 1224 70 70 68 68 1121 1226 1122 1227 1123 1228 1121 1226 1123 1228 70 70 1123 1228 1122 1227 1124 1229 1123 1228 1124 1229 1125 1230 1123 1228 71 71 70 70 1123 1228 1125 1230 1126 1231 1123 1228 1126 1231 1127 1232 1123 1228 1127 1232 71 71 71 71 1127 1232 82 82 71 71 82 82 72 72 71 71 72 72 65 65 1127 1232 1126 1231 1128 1233 1127 1232 1128 1233 1129 1234 1127 1232 1129 1234 82 82 1129 1234 1128 1233 87 89 1129 1234 87 89 83 83 1129 1234 83 83 82 82 1128 1233 1130 1235 1131 1236 1128 1233 1131 1236 1132 1237 1128 1233 1132 1237 87 89 1132 1237 1131 1236 1133 1238 1132 1237 1133 1238 1134 1239 1132 1237 1134 1239 1135 1240 1132 1237 1135 1240 84 87 1132 1237 84 87 87 89 1135 1241 1134 1242 1136 1243 1135 1241 1136 1243 85 85 1135 1241 85 85 84 84 85 85 1136 1243 1137 1244 85 85 1137 1244 1138 1245 1138 1245 86 86 85 85 1138 1245 1139 1246 86 86 1139 1247 81 81 86 88 1139 1246 1138 1245 1140 1248 1139 1246 1140 1248 1141 1249 1139 1247 1141 1250 69 69 1139 1247 69 69 81 81 1141 1249 1140 1248 1142 1251 1141 1249 1142 1251 1143 1252 1141 1250 1143 1253 69 69 1143 1252 1142 1251 1089 1193 1143 1253 1089 1190 66 66 1143 1253 66 66 69 69 1089 1193 1142 1251 1091 1194 1089 1190 1088 1189 66 66 1142 1251 1144 1254 1093 1196 1142 1251 1093 1196 1091 1194 1144 1254 1145 1255 1095 1198 1144 1254 1095 1198 1093 1196 1095 1198 1145 1255 1146 1256 1095 1198 1146 1256 1147 1257 1147 1257 1148 1258 1149 1259 1147 1257 1149 1259 1098 1201 1147 1257 1098 1201 1096 1199 1147 1257 1096 1199 1095 1198 1149 1259 1148 1258 1150 1260 1149 1259 1150 1260 1151 1261 1149 1259 1151 1261 1101 1204 1149 1259 1101 1204 1100 1203 1149 1259 1100 1203 1098 1201 1151 1261 1103 1206 1101 1204 1151 1261 1150 1260 1152 1262 1151 1261 1152 1262 1106 1209 1151 1261 1106 1209 1103 1206 1106 1209 1152 1262 1153 1263 1106 1209 1105 1208 1103 1206 1153 1263 1152 1262 1154 1264 1153 1263 1154 1264 1155 1265 1153 1263 1155 1265 1156 1266 1153 1263 1156 1266 1108 1211 1153 1263 1108 1211 1105 1208 1153 1263 1105 1208 1106 1209 1156 1266 1155 1265 1157 1267 1156 1266 1157 1267 1158 1268 1156 1266 1158 1268 1159 1269 1156 1266 1159 1269 1110 1213 1156 1266 1110 1213 1108 1211 1159 1269 1158 1268 1160 1270 1159 1269 1160 1270 1161 1271 1159 1269 1161 1271 1162 1272 1159 1269 1162 1272 1111 1214 1159 1269 1111 1214 1110 1213 1162 1272 1161 1271 1163 1273 1162 1272 1163 1273 1164 1274 1162 1272 1164 1274 1165 1275 1162 1272 1165 1275 1166 1276 1162 1272 1166 1276 1112 1215 1162 1272 1112 1215 1111 1214 1166 1276 1165 1275 1167 1277 1166 1276 1167 1277 1168 1278 1166 1276 1168 1278 1113 1216 1166 1276 1113 1216 1112 1215 1168 1278 1167 1277 1169 1279 1168 1278 1169 1279 1170 1280 1168 1278 1170 1280 1115 1218 1168 1278 1115 1218 1113 1216 1170 1280 1169 1279 1171 1281 1170 1280 1171 1281 1172 1282 1170 1280 1172 1282 1117 1220 1170 1280 1117 1220 1115 1218 1172 1283 1171 1284 1122 1227 1172 1283 1122 1227 1121 1226 1172 1283 1121 1226 1119 1224 1172 1283 1119 1224 1117 1223 1171 1281 1169 1279 53 53 1171 1281 53 53 58 58 1171 1284 58 1285 1124 1229 1171 1284 1124 1229 1122 1227 1124 1229 58 1285 57 1286 1124 1229 57 1286 1173 1287 1173 1287 1174 1288 1175 1289 1173 1287 1175 1289 1176 1290 1173 1287 1176 1290 1125 1230 1173 1287 1125 1230 1124 1229 1176 1290 1175 1289 1177 1291 1176 1290 1177 1291 1130 1235 1176 1290 1130 1235 1126 1231 1176 1290 1126 1231 1125 1230 1130 1235 1128 1233 1126 1231 1177 1291 1178 1292 1179 1293 1177 1291 1179 1293 1131 1236 1177 1291 1131 1236 1130 1235 1179 1293 1178 1292 73 73 1179 1293 73 73 1180 1294 1179 1293 1180 1294 1181 1295 1179 1293 1181 1295 1133 1238 1179 1293 1133 1238 1131 1236 1181 1295 1180 1294 1182 1296 1181 1295 1182 1296 1183 1297 1181 1295 1183 1297 1134 1239 1181 1295 1134 1239 1133 1238 1183 1298 1182 1299 1184 1300 1183 1298 1184 1300 1185 1301 1183 1298 1185 1301 1136 1243 1183 1298 1136 1243 1134 1242 1185 1301 1184 1300 1186 1302 1185 1301 1186 1302 1137 1244 1185 1301 1137 1244 1136 1243 1186 1302 1184 1300 1187 1303 1137 1244 1186 1302 1188 1304 1137 1244 1188 1304 1189 1305 1137 1244 1189 1305 1190 1306 1137 1244 1190 1306 1138 1245 1190 1306 1140 1248 1138 1245 1190 1306 1189 1305 1145 1255 1190 1306 1145 1255 1144 1254 1190 1306 1144 1254 1142 1251 1190 1306 1142 1251 1140 1248 1189 1305 1188 1304 1146 1256 1189 1305 1146 1256 1145 1255 1188 1304 1186 1302 1187 1303 1188 1304 1187 1303 1191 1307 1188 1304 1191 1307 1192 1308 1188 1304 1192 1308 1146 1256 1192 1308 1191 1307 1193 1309 1192 1308 1193 1309 1194 1310 1192 1308 1194 1310 1195 1311 1192 1308 1195 1311 1148 1258 1192 1308 1148 1258 1147 1257 1192 1308 1147 1257 1146 1256 1195 1311 1194 1310 1196 1312 1195 1311 1196 1312 1197 1313 1195 1311 1197 1313 1150 1260 1195 1311 1150 1260 1148 1258 1197 1313 1196 1312 1198 1314 1197 1313 1198 1314 1154 1264 1197 1313 1154 1264 1152 1262 1197 1313 1152 1262 1150 1260 1198 1314 1196 1312 1199 1315 1198 1314 1199 1315 1200 1316 1198 1314 1200 1316 1201 1317 1198 1314 1201 1317 1157 1267 1198 1314 1157 1267 1155 1265 1198 1314 1155 1265 1154 1264 1201 1317 1200 1316 1202 1318 1201 1317 1202 1318 1203 1319 1201 1317 1203 1319 1204 1320 1201 1317 1204 1320 1160 1270 1201 1317 1160 1270 1158 1268 1201 1317 1158 1268 1157 1267 1204 1320 1203 1319 1205 1321 1204 1320 1205 1321 1206 1322 1204 1320 1206 1322 1163 1273 1204 1320 1163 1273 1161 1271 1204 1320 1161 1271 1160 1270 1206 1322 1205 1321 1207 1323 1206 1322 1207 1323 1208 1324 1206 1322 1208 1324 1209 1325 1206 1322 1209 1325 1210 1326 1206 1322 1210 1326 1164 1274 1206 1322 1164 1274 1163 1273 1210 1326 1209 1325 55 55 1210 1326 55 55 54 54 1210 1326 54 54 1165 1275 1210 1326 1165 1275 1164 1274 54 54 1167 1277 1165 1275 55 55 1209 1325 1211 1327 55 55 1211 1327 1212 1328 55 55 1212 1328 56 56 1212 1329 1211 1330 1213 1331 1212 1329 1213 1331 1214 1332 1212 1329 1214 1332 1174 1288 1212 1329 1174 1288 56 1333 1214 1332 1213 1331 1215 1334 1214 1332 1215 1334 1174 1288 1215 1334 1175 1289 1174 1288 1215 1334 73 73 1178 1292 1215 1334 1178 1292 1175 1289 1178 1292 1177 1291 1175 1289 1215 1334 50 50 73 73 1215 1334 1213 1331 50 50 1213 1331 1211 1330 1216 1335 1213 1331 1216 1335 1217 1336 1213 1331 1217 1336 50 50 1217 1336 1218 1337 50 50 1217 1338 1216 1339 1208 1324 1217 1338 1208 1324 1207 1323 1217 1338 1207 1323 1219 1340 1217 1338 1219 1340 1218 1341 1219 1340 1220 1342 1221 1343 1219 1340 1221 1343 1218 1341 1219 1340 1207 1323 1205 1321 1219 1340 1205 1321 1203 1319 1219 1340 1203 1319 1202 1318 1219 1340 1202 1318 1220 1342 1202 1318 1222 1344 1223 1345 1202 1318 1223 1345 1220 1342 1202 1318 1224 1346 1222 1344 1224 1346 1225 1347 1222 1344 1224 1346 1202 1318 1200 1316 1224 1346 1200 1316 1199 1315 1224 1346 1199 1315 1193 1309 1224 1346 1193 1309 1225 1347 1225 1347 1184 1300 1226 1348 1225 1347 1226 1348 1223 1345 1225 1347 1223 1345 1222 1344 1225 1347 1187 1303 1184 1300 1226 1348 1184 1300 1182 1299 1226 1348 1182 1299 1227 1349 1226 1348 1227 1349 1228 1350 1226 1348 1228 1350 1223 1345 1228 1351 1227 1352 1180 1294 1228 1351 1180 1294 51 51 1228 1351 51 51 1221 1353 1228 1350 1221 1343 1220 1342 1228 1350 1220 1342 1223 1345 51 51 1180 1294 73 73 51 51 73 73 50 50 1180 1294 1227 1352 1182 1296 1225 1347 1193 1309 1191 1307 1225 1347 1191 1307 1187 1303 1221 1353 51 51 50 50 1221 1353 50 50 1218 1337 1216 1339 1211 1327 1209 1325 1216 1339 1209 1325 1208 1324 1199 1315 1196 1312 1194 1310 1199 1315 1194 1310 1193 1309 1174 1288 1173 1287 57 1286 1174 1288 57 1286 56 1333 1169 1279 1167 1277 54 54 1169 1279 54 54 53 53 86 88 81 81 83 83 1088 1189 1086 1187 66 66 1086 1187 67 67 66 66 1065 1164 996 1091 994 1089 1065 1164 994 1089 993 1088 959 1050 940 1031 43 43 959 1050 43 43 47 47 940 1031 957 1048 39 39 940 1031 44 44 43 43 944 1035 833 913 946 1037 946 1037 833 913 949 1040 946 1037 949 1040 107 109 946 1037 945 1036 944 1035 949 1040 833 913 832 912 949 1040 832 912 950 1041 938 1029 937 1028 45 45 938 1029 45 45 44 44 930 1021 106 108 105 107 925 1016 926 1017 924 1015 904 993 795 873 793 871 904 993 793 871 791 869 904 993 791 869 122 124 904 993 122 124 901 990 904 993 903 992 797 875 904 993 797 875 795 873 791 869 118 120 122 124 711 774 710 773 709 772 668 729 543 578 541 576 668 729 541 576 540 575 665 726 540 575 539 574 539 574 80 80 74 74 627 682 626 679 624 677 627 682 624 677 623 676 611 658 604 647 15 15 611 658 15 15 14 14 597 637 594 634 592 632 597 637 592 632 591 631 542 577 413 437 101 103 542 577 545 580 413 437 506 541 503 538 500 535 506 541 500 535 499 534 499 534 496 531 494 530 499 534 494 530 493 655 111 113 291 304 218 225 99 101 411 435 289 302 99 101 289 302 100 102 378 399 377 398 5 5 378 399 5 5 3 3 366 385 27 27 30 30 366 385 30 30 361 380 111 113 209 216 290 303 281 294 37 37 36 36 195 202 193 200 270 283 195 202 270 283 269 282 195 202 274 287 197 204 270 283 193 200 190 197 270 283 190 197 188 195 270 283 188 195 187 194 270 283 187 194 265 278 187 194 185 192 261 274 185 192 187 194 183 190 185 192 181 188 257 270 181 188 185 192 182 189 254 265 181 188 178 185 254 265 178 185 177 184 254 265 177 184 251 1354 254 265 251 1354 250 266 251 1354 177 184 174 181 251 1354 174 181 173 180 251 261 173 1355 247 257 251 261 247 257 246 256 247 257 173 1355 172 178 247 257 172 178 170 175 247 257 170 175 244 254 247 257 244 254 243 253 244 254 170 175 169 174 244 254 169 174 241 251 241 251 169 174 123 125 216 223 212 219 210 217 176 183 144 146 143 145 169 174 167 171 123 125 72 72 81 81 69 69 11 11 10 10 2 2 11 11 2 2 1 1</p>
                </triangles>
            </mesh>
        </geometry>
        <geometry id="NODE11-lib" name="NODE11Mesh">
            <mesh>
                <source id="NODE11-lib-positions">
                    <float_array id="NODE11-lib-positions-array" count="390">0.0717474 -0.117128 0.0673223 0.0717369 -0.120596 0.0308427 0.143466 -0.116152 0.0300687 0.143455 -0.113912 0.0654419 0.1434 -0.113089 0.101208 0.0718485 -0.116774 0.104301 -0.0715628 -0.120422 0.070798 -0.0714668 -0.119898 0.110405 -0.143214 -0.119682 0.113332 -0.143167 -0.120178 0.0723957 -0.142771 -0.12341 0.0323379 -0.0714692 -0.120862 0.0316974 0.210053 0.00132991 0.0639689 0.212146 0.00133287 0.0295069 0.210391 0.0722429 0.0294456 0.208038 0.072157 0.0638363 0.203565 0.0715079 0.097039 0.206695 0.00133592 0.0981762 0.205624 -0.0694074 0.0981423 0.207485 -0.0694291 0.0637931 0.209174 -0.0695094 0.0293186 0.0714878 0.000887382 0.132734 0.142748 0.00113249 0.125956 0.142435 0.0718322 0.120124 0.0710482 0.0731129 0.12632 -0.0715654 0.000438547 0.141088 -0.0720444 0.0753772 0.135047 -0.143629 0.0765877 0.139717 -0.143205 0.000211755 0.144047 -0.143422 -0.0761258 0.141319 -0.0718823 -0.0743607 0.135093 0.0714936 -0.0714817 0.126597 0.143276 -0.0703453 0.124222 -0.20897 6.43623e-05 0.0740399 -0.213312 0.000586082 0.0325022 -0.215244 -0.0776361 0.0332177 -0.209189 -0.0774932 0.0740807 -0.207233 -0.0774637 0.11605 -0.207264 -2.60962e-06 0.116054 -0.21047 0.0772087 0.116045 -0.20984 0.0773263 0.0738923 -0.209742 0.0773494 0.0317992 -0.0715473 0.118798 0.070922 -0.0715697 0.122708 0.0315834 -0.142428 0.130072 0.032818 -0.143055 0.122502 0.0730437 -0.143223 0.118316 0.113282 -0.0716221 0.116671 0.110196 0.0716715 0.117544 0.0673765 0.0715204 0.113638 0.103735 0.143032 0.111361 0.100288 0.143238 0.114803 0.065448 0.143441 0.117856 0.0301021 0.0717155 0.12186 0.0307744 -0.143214 -0.0762224 0.00102239 -0.143189 -0.116239 0.00270245 -0.20353 -0.115695 0.00474848 -0.205239 -0.0774354 0.00310251 -0.207745 -0.12064 0.0324027 -0.143449 -0.113212 0.137195 -0.198502 -0.110253 0.137593 -0.200459 -0.11272 0.116548 -0.202298 -0.0771953 0.141197 -0.143212 0.0766406 0.00106176 -0.204262 0.0774949 0.00467378 -0.203786 0.115505 0.00481856 -0.143168 0.116506 0.00152084 -0.208305 0.118749 0.0316892 -0.144033 0.112342 0.135595 -0.202787 0.11378 0.140366 -0.204291 0.0776063 0.142799 -0.205202 0.117629 0.115944 0.143213 -0.0706955 0.00183895 0.203547 -0.0693609 0.00554265 0.201312 -0.104332 0.00751687 0.143233 -0.108838 0.00338223 0.203974 -0.106367 0.0292029 0.199609 -0.0699077 0.117389 0.198275 -0.101049 0.116094 0.201066 -0.103812 0.0980337 0.143033 -0.102967 0.117173 0.143216 0.0729631 0.00170421 0.143222 0.111103 0.00346736 0.201637 0.106738 0.00704275 0.204024 0.0721715 0.00502705 0.205071 0.109889 0.0292709 0.194225 0.101083 0.0907968 0.188184 0.0945578 0.102978 0.194428 0.0685133 0.109649 0.140977 0.101439 0.113177 -0.205188 1.81133e-05 0.00336806 -0.143215 0.000209793 0.00124677 -0.202996 -0.115494 0.073197 -0.202597 4.33727e-05 0.141399 -0.20591 0.118257 0.0739295 -0.071638 0.114616 0.00356401 1.31569e-05 0.113525 0.00382825 2.16806e-06 0.0748084 0.00153368 -0.0716007 0.07573 0.00184935 -0.000129758 0.121651 0.0309516 0.0716166 0.0738409 0.000640141 0.0716373 0.112845 0.00256247 3.96361e-05 -0.120348 0.069203 0.000273791 -0.119314 0.107395 0.202227 0.107582 0.0630676 -0.000110409 -0.123586 0.0314056 6.18847e-05 0.000664491 0.137706 -0.000360624 0.0743575 0.132286 -0.000221111 -0.072724 0.130158 9.6922e-06 0.117817 0.0690187 0.204652 0.00135278 0.0043182 0.143206 0.00114848 0.00190883 -8.61902e-06 0.115551 0.107138 1.09344e-05 -0.0734593 0.00184258 2.35229e-05 -0.112517 0.00220992 -0.0715064 -0.113893 0.00374301 -0.0716015 -0.0748401 0.00132104 0.20276 -0.104802 0.0636055 -0.0719624 -0.1105 0.12989 -0.000935768 0.107577 0.125283 -0.0726904 0.108983 0.128813 0.0716346 -0.11079 0.00217557 0.0716341 -0.0720922 0.000879607 7.42956e-06 0.000679959 0.00181977 -0.0716067 0.000437724 0.00209141 -5.76827e-05 -0.109078 0.125296 0.0715697 -0.106405 0.122226 0.0700968 0.104979 0.120176 0.198026 0.000238746 0.113333 0.0716038 0.000920844 0.0013893</float_array>
                    <technique_common>
                        <accessor count="130" source="#NODE11-lib-positions-array" stride="3">
                            <param name="X" type="float" />
                            <param name="Y" type="float" />
                            <param name="Z" type="float" />
                        </accessor>
                    </technique_common>
                </source>
                <source id="NODE11-lib-uv">
                    <float_array id="NODE11-lib-uv-array" count="380">0.866977 0.244914 0.894784 0.243918 0.893095 0.189493 0.86625 0.190466 0.839191 0.19164 0.838898 0.245951 0.8687 0.353891 0.838527 0.354945 0.838298 0.409521 0.869394 0.408449 0.899908 0.407051 0.898569 0.352692 0.0680384 0.896199 0.041911 0.894921 0.0394448 0.948602 0.0654967 0.949674 0.0904889 0.949913 0.0942071 0.897513 0.0970522 0.843848 0.0708004 0.842458 0.0445141 0.841122 0.105987 0.710225 0.051655 0.709792 0.0508326 0.76356 0.105231 0.765338 0.214863 0.711339 0.214234 0.768564 0.268871 0.770102 0.269335 0.711909 0.270338 0.653884 0.215692 0.654253 0.106295 0.654987 0.0516119 0.655489 0.17453 0.893345 0.206383 0.893399 0.205154 0.834396 0.174056 0.834367 0.1421 0.834673 0.142483 0.893637 0.143395 0.95226 0.175375 0.952146 0.207464 0.951901 0.389727 0.876463 0.359348 0.874676 0.35725 0.928285 0.387712 0.930921 0.418374 0.93321 0.419736 0.878451 0.394206 0.767231 0.422056 0.769102 0.422506 0.715315 0.396461 0.71313 0.369744 0.711079 0.366352 0.76532 0.764577 0.17089 0.795041 0.171147 0.795041 0.125211 0.765914 0.123694 0.901743 0.456536 0.923112 0.452641 0.923112 0.406559 0.229142 0.834059 0.227391 0.804754 0.205822 0.801408 0.819524 0.410604 0.820714 0.452614 0.836915 0.453429 0.315117 0.653621 0.312533 0.628265 0.270653 0.625506 0.141083 0.807309 0.124878 0.809302 0.122569 0.834854 0.648292 0.169915 0.648031 0.123386 0.619109 0.1235 0.617963 0.16968 0.207813 0.983488 0.228576 0.980965 0.228566 0.951983 0.331669 0.92711 0.331702 0.973511 0.352323 0.97833 0.268669 0.79752 0.313534 0.799044 0.315117 0.77147 0.417111 0.980593 0.43611 0.980123 0.435945 0.935011 0.122569 0.952905 0.124733 0.980528 0.143542 0.983216 0.758542 0.388727 0.757171 0.434695 0.783841 0.433294 0.787577 0.389017 0.0458 0.812687 0.0289164 0.813172 0.0258652 0.839983 0.91405 0.188248 0.908598 0.144062 0.891871 0.142955 0.112456 0.844033 0.112589 0.82005 0.0986338 0.81731 0.0517385 0.630079 0.00963001 0.631489 0.00840952 0.655234 0.839388 0.147175 0.825457 0.149648 0.82483 0.191818 0.6493 0.387817 0.62026 0.387615 0.623155 0.432175 0.649492 0.434141 0.372919 0.664 0.355592 0.664925 0.348992 0.709209 0.0202064 0.948034 0.0207997 0.974731 0.0380727 0.97756 0.0867684 0.973515 0.0979523 0.969914 0.102395 0.949164 0.434748 0.716779 0.430622 0.679974 0.419945 0.675444 0.0104429 0.761011 0.0140774 0.781801 0.0510097 0.786726 0.706987 0.123221 0.706438 0.170398 0.229356 0.892903 0.870179 0.454221 0.174293 0.804945 0.314554 0.712413 0.122808 0.893821 0.384977 0.978864 0.175556 0.983456 0.618905 0.224135 0.61927 0.278652 0.648774 0.278893 0.648521 0.224406 0.362661 0.819933 0.341023 0.818285 0.337135 0.87302 0.64908 0.333369 0.619382 0.333147 0.867744 0.299406 0.838749 0.300366 0.0642468 0.977043 0.343863 0.76356 0.89645 0.298356 0.160355 0.710768 0.159689 0.76691 0.398598 0.668074 0.160982 0.654667 0.391835 0.821759 0.703363 0.435053 0.70391 0.388281 0.420952 0.82367 0.021952 0.89394 0.761576 0.279833 0.791289 0.280095 0.792852 0.225674 0.763082 0.225356 0.865592 0.144798 0.215902 0.626443 0.920166 0.29721 0.920618 0.351877 0.0722011 0.815141 0.822056 0.355861 0.15944 0.792734 0.214109 0.794588 0.789514 0.334558 0.760067 0.334306 0.436025 0.82519 0.43507 0.880124 0.705172 0.279357 0.705808 0.224877 0.91781 0.242677 0.161005 0.626733 0.823075 0.300974 0.106359 0.628179 0.105231 0.790052 0.823153 0.24635 0.43611 0.770809 0.00856574 0.7088 0.107487 0.897493 0.704537 0.33382</float_array>
                    <technique_common>
                        <accessor count="190" source="#NODE11-lib-uv-array" stride="2">
                            <param name="S" type="float" />
                            <param name="T" type="float" />
                        </accessor>
                    </technique_common>
                </source>
                <vertices id="NODE11-lib-vertices">
                    <input semantic="POSITION" source="#NODE11-lib-positions" />
                </vertices>
                <triangles count="256" material="MAT0">
                    <input offset="0" semantic="VERTEX" source="#NODE11-lib-vertices" set="0" />
                    <input offset="1" semantic="TEXCOORD" source="#NODE11-lib-uv" set="0" />
                    <p>0 0 1 1 2 2 0 0 2 2 3 3 0 0 3 3 4 4 0 0 4 4 5 5 6 6 7 7 8 8 6 6 8 8 9 9 6 6 9 9 10 10 6 6 10 10 11 11 12 12 13 13 14 14 12 12 14 14 15 15 12 12 15 15 16 16 12 12 16 16 17 17 12 12 17 17 18 18 12 12 18 18 19 19 12 12 19 19 20 20 12 12 20 20 13 13 21 21 22 22 23 23 21 21 23 23 24 24 25 25 26 26 27 27 25 25 27 27 28 28 25 25 28 28 29 29 25 25 29 29 30 30 21 21 31 31 32 32 21 21 32 32 22 22 33 33 34 34 35 35 33 33 35 35 36 36 33 33 36 36 37 37 33 33 37 37 38 38 33 33 38 38 39 39 33 33 39 39 40 40 33 33 40 40 41 41 33 33 41 41 34 34 42 42 43 43 44 44 42 42 44 44 45 45 42 42 45 45 46 46 42 42 46 46 47 47 48 48 49 49 50 50 48 48 50 50 51 51 48 48 51 51 52 52 48 48 52 52 53 53 54 54 55 55 56 56 54 54 56 56 57 57 10 10 58 58 56 59 10 10 56 59 55 60 35 35 57 61 56 62 35 35 56 62 58 63 8 8 59 64 60 65 8 8 60 65 61 66 29 29 62 67 60 68 29 29 60 68 59 69 37 37 61 70 60 71 37 37 60 71 62 72 63 73 64 74 65 75 63 73 65 75 66 76 41 41 67 77 65 78 41 41 65 78 64 79 44 44 66 80 65 81 44 44 65 81 67 82 27 27 68 83 69 84 27 27 69 84 70 85 46 46 71 86 69 87 46 46 69 87 68 88 39 39 70 89 69 90 39 39 69 90 71 91 72 92 73 93 74 94 72 92 74 94 75 95 20 20 76 96 74 97 20 20 74 97 73 98 2 2 75 99 74 100 2 2 74 100 76 101 18 18 77 102 78 103 18 18 78 103 79 104 32 32 80 105 78 106 32 32 78 106 77 107 4 4 79 108 78 109 4 4 78 109 80 110 81 111 82 112 83 113 81 111 83 113 84 114 52 52 85 115 83 116 52 52 83 116 82 117 14 14 84 118 83 119 14 14 83 119 85 120 16 16 86 121 87 122 16 16 87 122 88 123 50 50 89 124 87 125 50 50 87 125 86 126 23 23 88 127 87 128 23 23 87 128 89 129 57 57 90 130 91 131 57 57 91 131 54 54 35 35 34 34 90 132 35 35 90 132 57 61 91 131 90 130 64 74 91 131 64 74 63 73 61 66 92 133 9 9 61 66 9 9 8 8 90 132 34 34 41 41 90 132 41 41 64 79 37 37 36 36 92 134 37 37 92 134 61 70 9 9 92 133 58 58 9 9 58 58 10 10 70 85 93 135 28 28 70 85 28 28 27 27 92 134 36 36 35 35 92 134 35 35 58 63 39 39 38 38 93 136 39 39 93 136 70 89 28 28 93 135 62 67 28 28 62 67 29 29 67 82 94 137 45 45 67 82 45 45 44 44 93 136 38 38 37 37 93 136 37 37 62 72 41 41 40 40 94 138 41 41 94 138 67 77 45 45 94 137 71 86 45 45 71 86 46 46 95 139 96 140 97 141 95 139 97 141 98 142 94 138 40 40 39 39 94 138 39 39 71 91 43 43 99 143 96 144 43 43 96 144 95 145 100 146 101 147 82 112 100 146 82 112 81 111 102 148 103 149 7 7 102 148 7 7 6 6 85 120 104 150 15 15 85 120 15 15 14 14 101 151 53 53 52 52 101 151 52 52 82 117 102 148 6 6 11 11 102 148 11 11 105 152 106 153 107 154 26 26 106 153 26 26 25 25 52 52 51 51 104 155 52 52 104 155 85 115 15 15 104 150 86 121 15 15 86 121 16 16 106 153 25 25 30 30 106 153 30 30 108 156 109 157 99 143 43 43 109 157 43 43 42 42 84 114 110 158 111 159 84 114 111 159 81 111 104 155 51 51 50 50 104 155 50 50 86 126 109 157 42 42 47 47 109 157 47 47 112 160 66 76 95 139 98 142 66 76 98 142 63 73 14 14 13 13 110 161 14 14 110 161 84 118 111 159 110 158 73 93 111 159 73 93 72 92 44 44 43 43 95 145 44 44 95 145 66 80 113 162 114 163 115 164 113 162 115 164 116 165 76 101 117 166 3 3 76 101 3 3 2 2 110 161 13 13 20 20 110 161 20 20 73 98 59 69 118 167 30 30 59 69 30 30 29 29 114 168 105 152 11 11 114 168 11 11 115 169 20 20 19 19 117 170 20 20 117 170 76 96 3 3 117 166 79 108 3 3 79 108 4 4 8 8 7 7 118 171 8 8 118 171 59 64 107 154 119 172 120 173 107 154 120 173 26 26 121 174 114 163 113 162 121 174 113 162 122 175 117 170 19 19 18 18 117 170 18 18 79 104 119 176 112 160 47 47 119 176 47 47 120 177 123 178 124 179 98 142 123 178 98 142 97 141 1 1 105 152 114 168 1 1 114 168 121 180 116 165 115 164 55 55 116 165 55 55 54 54 123 178 113 162 116 165 123 178 116 165 124 179 102 148 105 152 1 1 102 148 1 1 0 0 118 167 125 181 108 156 118 167 108 156 30 30 115 169 11 11 10 10 115 169 10 10 55 60 102 148 0 0 5 5 102 148 5 5 103 149 106 153 21 21 24 24 106 153 24 24 107 154 7 7 103 149 125 182 7 7 125 182 118 171 31 31 126 183 80 105 31 31 80 105 32 32 106 153 108 156 31 31 106 153 31 31 21 21 109 157 112 160 49 49 109 157 49 49 48 48 127 184 119 172 107 154 127 184 107 154 24 24 126 185 5 5 4 4 126 185 4 4 80 110 109 157 48 48 53 53 109 157 53 53 99 143 97 141 96 140 101 147 97 141 101 147 100 146 49 49 112 160 119 176 49 49 119 176 127 186 26 26 120 173 68 83 26 26 68 83 27 27 96 144 99 143 53 53 96 144 53 53 101 151 75 95 121 174 122 175 75 95 122 175 72 92 77 107 128 187 22 22 77 107 22 22 32 32 120 177 47 47 46 46 120 177 46 46 68 88 2 2 1 1 121 180 2 2 121 180 75 99 108 156 125 181 126 183 108 156 126 183 31 31 18 18 17 17 128 188 18 18 128 188 77 102 22 22 128 187 88 127 22 22 88 127 23 23 89 129 127 184 24 24 89 129 24 24 23 23 125 182 103 149 5 5 125 182 5 5 126 185 123 178 129 189 122 175 123 178 122 175 113 162 128 188 17 17 16 16 128 188 16 16 88 123 50 50 49 49 127 186 50 50 127 186 89 124 123 178 97 141 100 146 123 178 100 146 129 189 124 179 91 131 63 73 124 179 63 73 98 142 129 189 100 146 81 111 129 189 81 111 111 159 129 189 111 159 72 92 129 189 72 92 122 175 124 179 116 165 54 54 124 179 54 54 91 131</p>
                </triangles>
            </mesh>
        </geometry>
    </library_geometries>
    <library_visual_scenes>
        <visual_scene id="RootNode" name="RootNode">
            <node id="NODE" name="Sketchfab_model">
                <node id="NODE0" name="PancakeScene_fbx">
                    <matrix>1 0 0 0 0 0 -1 0 0 1 0 0 0 0 0 1</matrix>
                    <node id="NODE1" name="RootNode">
                        <node id="NODE2" name="Pancake_low_003">
                            <matrix>45.5241 58.0844 2.53895e-06 0 -4.09665e-15 -3.22584e-06 73.7986 34.909 58.0844 -45.5241 -1.98992e-06 0 0 0 0 1</matrix>
                            <node id="NODE3" name="Pancake_low_003_pancake_0">
                                <instance_geometry url="#NODE3-lib">
                                    <bind_material>
                                        <technique_common>
                                            <instance_material symbol="MAT0" target="#MAT0" />
                                        </technique_common>
                                    </bind_material>
                                </instance_geometry>
                            </node>
                        </node>
                        <node id="NODE4" name="Pancake_low_002">
                            <matrix>45.9461 -61.8641 4.67061e-06 0 0 5.81785e-06 77.0598 15.9584 -61.8641 -45.9461 3.46883e-06 0 0 0 0 1</matrix>
                            <node id="NODE5" name="Pancake_low_002_pancake_0">
                                <instance_geometry url="#NODE5-lib">
                                    <bind_material>
                                        <technique_common>
                                            <instance_material symbol="MAT0" target="#MAT0" />
                                        </technique_common>
                                    </bind_material>
                                </instance_geometry>
                            </node>
                        </node>
                        <node id="NODE6" name="Pancake_low_001">
                            <matrix>70.1199 0 0 0 0 -1.1424e-05 70.1199 0 0 -70.1199 -1.1424e-05 0 0 0 0 1</matrix>
                            <node id="NODE7" name="Pancake_low_001_pancake_0">
                                <instance_geometry url="#NODE7-lib">
                                    <bind_material>
                                        <technique_common>
                                            <instance_material symbol="MAT0" target="#MAT0" />
                                        </technique_common>
                                    </bind_material>
                                </instance_geometry>
                            </node>
                        </node>
                        <node id="NODE8" name="Group8824">
                            <matrix>100 0 0 0 0 100 -1.62921e-05 0 0 1.62921e-05 100 0 0 0 0 1</matrix>
                            <node id="NODE9" name="Group8824_Honey_0">
                                <instance_geometry url="#NODE9-lib">
                                    <bind_material>
                                        <technique_common>
                                            <instance_material symbol="MAT" target="#MAT" />
                                        </technique_common>
                                    </bind_material>
                                </instance_geometry>
                            </node>
                        </node>
                        <node id="NODE10" name="Butter_low_001">
                            <matrix>43.4511 24.6543 -2.04072 -6.27227 0.218907 3.74123 49.8594 57.3305 24.7376 -43.3378 3.14328 11.9452 0 0 0 1</matrix>
                            <node id="NODE11" name="Butter_low_001_pancake_0">
                                <instance_geometry url="#NODE11-lib">
                                    <bind_material>
                                        <technique_common>
                                            <instance_material symbol="MAT0" target="#MAT0" />
                                        </technique_common>
                                    </bind_material>
                                </instance_geometry>
                            </node>
                        </node>
                    </node>
                </node>
            </node>
        </visual_scene>
    </library_visual_scenes>
    <scene>
        <instance_visual_scene url="#RootNode" />
    </scene>
</COLLADA>
